-- phpMyAdmin SQL Dump
-- version 5.2.1
-- https://www.phpmyadmin.net/
--
-- Host: localhost
-- Generation Time: Mar 18, 2025 at 10:59 AM
-- Server version: 10.4.28-MariaDB
-- PHP Version: 8.2.4

SET SQL_MODE = "NO_AUTO_VALUE_ON_ZERO";
START TRANSACTION;
SET time_zone = "+00:00";


/*!40101 SET @OLD_CHARACTER_SET_CLIENT=@@CHARACTER_SET_CLIENT */;
/*!40101 SET @OLD_CHARACTER_SET_RESULTS=@@CHARACTER_SET_RESULTS */;
/*!40101 SET @OLD_COLLATION_CONNECTION=@@COLLATION_CONNECTION */;
/*!40101 SET NAMES utf8mb4 */;

--
-- Database: `data_viz`
--

-- --------------------------------------------------------

--
-- Table structure for table `bidding`
--

CREATE TABLE `bidding` (
  `bidd_id` int(11) NOT NULL,
  `player_id` int(255) NOT NULL,
  `team_id` int(255) NOT NULL,
  `player_price` int(255) NOT NULL,
  `time` timestamp NOT NULL DEFAULT current_timestamp()
) ENGINE=InnoDB DEFAULT CHARSET=utf8mb4 COLLATE=utf8mb4_general_ci;

--
-- Dumping data for table `bidding`
--

INSERT INTO `bidding` (`bidd_id`, `player_id`, `team_id`, `player_price`, `time`) VALUES
(1, 4, 7, 220, '2025-03-07 09:00:00'),
(2, 4, 5, 220, '2025-03-07 09:00:00'),
(3, 4, 6, 240, '2025-03-07 09:00:03'),
(4, 4, 2, 240, '2025-03-07 09:00:04'),
(5, 4, 5, 260, '2025-03-07 09:00:06'),
(6, 4, 5, 280, '2025-03-07 09:00:07'),
(7, 4, 7, 280, '2025-03-07 09:00:08'),
(8, 4, 6, 300, '2025-03-07 09:00:08'),
(9, 4, 5, 300, '2025-03-07 09:00:09'),
(10, 4, 2, 320, '2025-03-07 09:00:10'),
(11, 4, 5, 340, '2025-03-07 09:00:12'),
(12, 4, 3, 340, '2025-03-07 09:00:12'),
(13, 4, 6, 340, '2025-03-07 09:00:14'),
(14, 4, 5, 360, '2025-03-07 09:00:14'),
(15, 4, 7, 380, '2025-03-07 09:00:15'),
(16, 4, 5, 380, '2025-03-07 09:00:16'),
(17, 4, 2, 380, '2025-03-07 09:00:16'),
(18, 4, 3, 380, '2025-03-07 09:00:17'),
(19, 4, 5, 400, '2025-03-07 09:00:18'),
(20, 4, 2, 420, '2025-03-07 09:00:21'),
(21, 4, 5, 420, '2025-03-07 09:00:22'),
(22, 4, 5, 440, '2025-03-07 09:00:24'),
(23, 4, 6, 460, '2025-03-07 09:00:25'),
(24, 4, 5, 460, '2025-03-07 09:00:26'),
(25, 4, 3, 480, '2025-03-07 09:00:27'),
(26, 4, 5, 480, '2025-03-07 09:00:28'),
(27, 4, 5, 500, '2025-03-07 09:00:30'),
(28, 4, 3, 525, '2025-03-07 09:00:33'),
(29, 4, 5, 525, '2025-03-07 09:00:34'),
(30, 4, 6, 525, '2025-03-07 09:00:34'),
(31, 4, 2, 550, '2025-03-07 09:00:35'),
(32, 4, 3, 575, '2025-03-07 09:00:37'),
(33, 4, 5, 600, '2025-03-07 09:00:38'),
(34, 4, 5, 625, '2025-03-07 09:00:40'),
(35, 4, 1, 625, '2025-03-07 09:00:41'),
(36, 4, 5, 650, '2025-03-07 09:00:43'),
(37, 4, 3, 650, '2025-03-07 09:00:43'),
(38, 4, 6, 675, '2025-03-07 09:00:44'),
(39, 4, 5, 675, '2025-03-07 09:00:45'),
(40, 4, 3, 700, '2025-03-07 09:00:46'),
(41, 4, 5, 725, '2025-03-07 09:00:49'),
(42, 4, 5, 750, '2025-03-07 09:00:53'),
(43, 4, 2, 775, '2025-03-07 09:01:01'),
(44, 4, 5, 800, '2025-03-07 09:01:04'),
(45, 4, 2, 825, '2025-03-07 09:01:15'),
(46, 4, 5, 850, '2025-03-07 09:01:23'),
(47, 4, 4, 850, '2025-03-07 09:01:24'),
(48, 4, 5, 875, '2025-03-07 09:01:44'),
(49, 4, 3, 875, '2025-03-07 09:01:44'),
(50, 4, 4, 900, '2025-03-07 09:01:51'),
(51, 4, 2, 925, '2025-03-07 09:01:58'),
(52, 4, 3, 925, '2025-03-07 09:01:59'),
(53, 4, 4, 950, '2025-03-07 09:02:01'),
(54, 4, 3, 975, '2025-03-07 09:02:08'),
(55, 4, 4, 1000, '2025-03-07 09:02:13'),
(56, 4, 3, 1025, '2025-03-07 09:02:16'),
(57, 4, 4, 1050, '2025-03-07 09:02:41'),
(58, 4, 3, 1075, '2025-03-07 09:02:54'),
(59, 4, 4, 1100, '2025-03-07 09:03:29'),
(60, 4, 3, 1125, '2025-03-07 09:03:32'),
(61, 4, 4, 1150, '2025-03-07 09:04:00'),
(62, 4, 3, 1175, '2025-03-07 09:04:05'),
(63, 4, 4, 1200, '2025-03-07 09:04:44'),
(64, 4, 3, 1225, '2025-03-07 09:04:47'),
(65, 4, 4, 1250, '2025-03-07 09:05:05'),
(66, 4, 3, 1275, '2025-03-07 09:05:18'),
(67, 5, 4, 420, '2025-03-07 09:05:44'),
(68, 5, 6, 440, '2025-03-07 09:05:49'),
(69, 5, 6, 440, '2025-03-07 09:05:49'),
(70, 5, 5, 440, '2025-03-07 09:05:50'),
(71, 5, 3, 460, '2025-03-07 09:05:52'),
(72, 5, 6, 480, '2025-03-07 09:05:54'),
(73, 5, 5, 480, '2025-03-07 09:05:55'),
(74, 5, 6, 500, '2025-03-07 09:05:58'),
(75, 5, 4, 525, '2025-03-07 09:06:00'),
(76, 5, 5, 525, '2025-03-07 09:06:01'),
(77, 5, 6, 550, '2025-03-07 09:06:01'),
(78, 5, 5, 575, '2025-03-07 09:06:05'),
(79, 5, 4, 575, '2025-03-07 09:06:05'),
(80, 5, 6, 600, '2025-03-07 09:06:08'),
(81, 5, 5, 625, '2025-03-07 09:06:09'),
(82, 5, 6, 650, '2025-03-07 09:06:12'),
(83, 5, 5, 675, '2025-03-07 09:06:13'),
(84, 5, 6, 700, '2025-03-07 09:06:16'),
(85, 5, 4, 725, '2025-03-07 09:06:18'),
(86, 5, 5, 750, '2025-03-07 09:06:20'),
(87, 5, 4, 750, '2025-03-07 09:06:21'),
(88, 5, 4, 775, '2025-03-07 09:06:23'),
(89, 5, 6, 775, '2025-03-07 09:06:23'),
(90, 5, 4, 800, '2025-03-07 09:06:24'),
(91, 5, 5, 825, '2025-03-07 09:06:25'),
(92, 5, 3, 800, '2025-03-07 09:06:26'),
(93, 5, 5, 850, '2025-03-07 09:06:30'),
(94, 5, 3, 875, '2025-03-07 09:06:37'),
(95, 5, 5, 900, '2025-03-07 09:06:39'),
(96, 5, 6, 900, '2025-03-07 09:06:39'),
(97, 5, 4, 925, '2025-03-07 09:06:43'),
(98, 5, 3, 925, '2025-03-07 09:06:43'),
(99, 5, 5, 950, '2025-03-07 09:06:45'),
(100, 5, 4, 950, '2025-03-07 09:06:46'),
(101, 5, 3, 975, '2025-03-07 09:06:48'),
(102, 5, 4, 1000, '2025-03-07 09:06:50'),
(103, 5, 3, 1025, '2025-03-07 09:06:56'),
(104, 5, 4, 1050, '2025-03-07 09:06:58'),
(105, 5, 3, 1075, '2025-03-07 09:07:00'),
(106, 5, 4, 1100, '2025-03-07 09:07:02'),
(107, 5, 3, 1125, '2025-03-07 09:07:04'),
(108, 5, 4, 1150, '2025-03-07 09:07:07'),
(109, 5, 3, 1175, '2025-03-07 09:07:08'),
(110, 5, 4, 1200, '2025-03-07 09:07:10'),
(111, 5, 2, 1225, '2025-03-07 09:07:22'),
(112, 5, 4, 1250, '2025-03-07 09:07:38'),
(113, 5, 2, 1275, '2025-03-07 09:07:45'),
(114, 5, 4, 1300, '2025-03-07 09:07:51'),
(115, 5, 2, 1325, '2025-03-07 09:07:56'),
(116, 5, 4, 1350, '2025-03-07 09:08:00'),
(117, 5, 2, 1375, '2025-03-07 09:08:03'),
(118, 5, 4, 1400, '2025-03-07 09:08:06'),
(119, 5, 2, 1425, '2025-03-07 09:09:20'),
(120, 5, 4, 1450, '2025-03-07 09:09:40'),
(121, 5, 2, 1475, '2025-03-07 09:09:52'),
(122, 5, 4, 1500, '2025-03-07 09:10:12'),
(123, 6, 3, 1225, '2025-03-07 09:11:34'),
(124, 6, 5, 1250, '2025-03-07 09:11:40'),
(125, 6, 4, 1250, '2025-03-07 09:11:40'),
(126, 6, 8, 1250, '2025-03-07 09:11:41'),
(127, 6, 6, 1275, '2025-03-07 09:11:42'),
(128, 6, 6, 1300, '2025-03-07 09:11:44'),
(129, 6, 3, 1300, '2025-03-07 09:11:45'),
(130, 6, 6, 1325, '2025-03-07 09:11:46'),
(131, 6, 3, 1350, '2025-03-07 09:11:49'),
(132, 6, 1, 1350, '2025-03-07 09:11:50'),
(133, 6, 1, 1375, '2025-03-07 09:11:53'),
(134, 6, 3, 1400, '2025-03-07 09:11:54'),
(135, 6, 8, 1425, '2025-03-07 09:12:00'),
(136, 6, 3, 1450, '2025-03-07 09:12:03'),
(137, 6, 7, 1475, '2025-03-07 09:12:08'),
(138, 6, 3, 1500, '2025-03-07 09:12:09'),
(139, 6, 8, 1500, '2025-03-07 09:12:09'),
(140, 6, 8, 1500, '2025-03-07 09:12:10'),
(141, 6, 3, 1525, '2025-03-07 09:12:12'),
(142, 6, 7, 1550, '2025-03-07 09:12:16'),
(143, 6, 8, 1575, '2025-03-07 09:12:17'),
(144, 6, 7, 1600, '2025-03-07 09:12:21'),
(145, 6, 4, 1600, '2025-03-07 09:12:22'),
(146, 6, 6, 1625, '2025-03-07 09:12:23'),
(147, 6, 3, 1650, '2025-03-07 09:12:23'),
(148, 6, 7, 1675, '2025-03-07 09:12:28'),
(149, 6, 3, 1700, '2025-03-07 09:12:30'),
(150, 6, 8, 1725, '2025-03-07 09:12:33'),
(151, 6, 7, 1725, '2025-03-07 09:12:35'),
(152, 6, 3, 1750, '2025-03-07 09:12:36'),
(153, 6, 2, 1775, '2025-03-07 09:12:51'),
(154, 6, 3, 1800, '2025-03-07 09:13:01'),
(155, 6, 2, 1825, '2025-03-07 09:13:04'),
(156, 8, 3, 500, '2025-03-07 09:15:15'),
(157, 8, 5, 500, '2025-03-07 09:15:16'),
(158, 8, 1, 525, '2025-03-07 09:15:19'),
(159, 8, 6, 550, '2025-03-07 09:15:21'),
(160, 8, 3, 550, '2025-03-07 09:15:22'),
(161, 8, 5, 550, '2025-03-07 09:15:22'),
(162, 8, 5, 575, '2025-03-07 09:15:24'),
(163, 8, 4, 575, '2025-03-07 09:15:25'),
(164, 8, 6, 575, '2025-03-07 09:15:26'),
(165, 8, 7, 600, '2025-03-07 09:15:26'),
(166, 8, 5, 625, '2025-03-07 09:15:28'),
(167, 8, 3, 650, '2025-03-07 09:15:28'),
(168, 8, 6, 650, '2025-03-07 09:15:29'),
(169, 8, 4, 650, '2025-03-07 09:15:29'),
(170, 8, 1, 650, '2025-03-07 09:15:29'),
(171, 8, 7, 675, '2025-03-07 09:15:30'),
(172, 8, 5, 700, '2025-03-07 09:15:32'),
(173, 8, 6, 725, '2025-03-07 09:15:33'),
(174, 8, 4, 725, '2025-03-07 09:15:33'),
(175, 8, 7, 750, '2025-03-07 09:15:34'),
(176, 8, 4, 775, '2025-03-07 09:15:35'),
(177, 8, 6, 775, '2025-03-07 09:15:36'),
(178, 8, 8, 800, '2025-03-07 09:15:37'),
(179, 8, 4, 800, '2025-03-07 09:15:37'),
(180, 8, 7, 825, '2025-03-07 09:15:38'),
(181, 8, 4, 850, '2025-03-07 09:15:40'),
(182, 8, 7, 875, '2025-03-07 09:15:42'),
(183, 8, 8, 900, '2025-03-07 09:15:43'),
(184, 8, 4, 925, '2025-03-07 09:15:46'),
(185, 8, 3, 925, '2025-03-07 09:15:46'),
(186, 8, 8, 950, '2025-03-07 09:15:47'),
(187, 8, 7, 950, '2025-03-07 09:15:47'),
(188, 8, 6, 950, '2025-03-07 09:15:48'),
(189, 8, 8, 975, '2025-03-07 09:15:49'),
(190, 8, 4, 975, '2025-03-07 09:15:50'),
(191, 8, 8, 1000, '2025-03-07 09:15:51'),
(192, 8, 7, 1000, '2025-03-07 09:15:53'),
(193, 8, 8, 1025, '2025-03-07 09:15:54'),
(194, 8, 4, 1025, '2025-03-07 09:15:54'),
(195, 8, 6, 1025, '2025-03-07 09:15:54'),
(196, 8, 3, 1025, '2025-03-07 09:15:55'),
(197, 8, 7, 1050, '2025-03-07 09:15:56'),
(198, 8, 8, 1075, '2025-03-07 09:15:58'),
(199, 8, 3, 1100, '2025-03-07 09:16:00'),
(200, 8, 1, 1100, '2025-03-07 09:16:01'),
(201, 8, 8, 1125, '2025-03-07 09:16:02'),
(202, 8, 7, 1125, '2025-03-07 09:16:03'),
(203, 8, 8, 1150, '2025-03-07 09:16:07'),
(204, 8, 4, 1150, '2025-03-07 09:16:07'),
(205, 8, 1, 1175, '2025-03-07 09:16:08'),
(206, 8, 7, 1175, '2025-03-07 09:16:09'),
(207, 8, 4, 1200, '2025-03-07 09:16:11'),
(208, 8, 8, 1200, '2025-03-07 09:16:11'),
(209, 8, 8, 1225, '2025-03-07 09:16:19'),
(210, 8, 5, 1225, '2025-03-07 09:16:19'),
(211, 8, 4, 1250, '2025-03-07 09:16:21'),
(212, 8, 6, 1250, '2025-03-07 09:16:21'),
(213, 8, 4, 1275, '2025-03-07 09:16:23'),
(214, 8, 5, 1300, '2025-03-07 09:16:24'),
(215, 8, 7, 1300, '2025-03-07 09:16:25'),
(216, 8, 6, 1325, '2025-03-07 09:16:27'),
(217, 8, 4, 1325, '2025-03-07 09:16:27'),
(218, 8, 5, 1350, '2025-03-07 09:16:28'),
(219, 8, 4, 1375, '2025-03-07 09:16:32'),
(220, 8, 6, 1400, '2025-03-07 09:16:35'),
(221, 8, 4, 1425, '2025-03-07 09:16:37'),
(222, 8, 8, 1450, '2025-03-07 09:16:39'),
(223, 8, 4, 1475, '2025-03-07 09:16:41'),
(224, 8, 6, 1475, '2025-03-07 09:16:42'),
(225, 8, 7, 1500, '2025-03-07 09:16:44'),
(226, 8, 4, 1500, '2025-03-07 09:16:45'),
(227, 8, 8, 1525, '2025-03-07 09:16:47'),
(228, 8, 3, 1550, '2025-03-07 09:16:50'),
(229, 9, 4, 80, '2025-03-07 09:17:35'),
(230, 14, 3, 220, '2025-03-07 09:21:20'),
(231, 14, 5, 240, '2025-03-07 09:21:33'),
(232, 14, 4, 260, '2025-03-07 09:21:50'),
(233, 14, 5, 280, '2025-03-07 09:21:54'),
(234, 14, 5, 300, '2025-03-07 09:22:02'),
(235, 18, 3, 725, '2025-03-07 09:25:05'),
(236, 18, 7, 725, '2025-03-07 09:25:05'),
(237, 18, 8, 750, '2025-03-07 09:25:07'),
(238, 18, 4, 750, '2025-03-07 09:25:08'),
(239, 18, 7, 750, '2025-03-07 09:25:08'),
(240, 18, 6, 775, '2025-03-07 09:25:09'),
(241, 18, 5, 775, '2025-03-07 09:25:10'),
(242, 18, 1, 800, '2025-03-07 09:25:11'),
(243, 18, 8, 800, '2025-03-07 09:25:11'),
(244, 18, 7, 800, '2025-03-07 09:25:11'),
(245, 18, 8, 825, '2025-03-07 09:25:14'),
(246, 18, 6, 825, '2025-03-07 09:25:14'),
(247, 18, 7, 850, '2025-03-07 09:25:15'),
(248, 18, 5, 850, '2025-03-07 09:25:16'),
(249, 18, 8, 850, '2025-03-07 09:25:16'),
(250, 18, 3, 875, '2025-03-07 09:25:17'),
(251, 18, 6, 875, '2025-03-07 09:25:18'),
(252, 18, 7, 875, '2025-03-07 09:25:18'),
(253, 18, 7, 875, '2025-03-07 09:25:18'),
(254, 18, 1, 900, '2025-03-07 09:25:18'),
(255, 18, 6, 900, '2025-03-07 09:25:19'),
(256, 18, 8, 925, '2025-03-07 09:25:20'),
(257, 18, 7, 925, '2025-03-07 09:25:20'),
(258, 18, 1, 925, '2025-03-07 09:25:21'),
(259, 18, 4, 950, '2025-03-07 09:25:22'),
(260, 18, 8, 950, '2025-03-07 09:25:22'),
(261, 18, 7, 975, '2025-03-07 09:25:24'),
(262, 18, 7, 975, '2025-03-07 09:25:24'),
(263, 18, 4, 975, '2025-03-07 09:25:24'),
(264, 18, 1, 1000, '2025-03-07 09:25:25'),
(265, 18, 6, 1000, '2025-03-07 09:25:25'),
(266, 18, 7, 1000, '2025-03-07 09:25:26'),
(267, 18, 8, 1025, '2025-03-07 09:25:26'),
(268, 18, 7, 1000, '2025-03-07 09:25:26'),
(269, 18, 1, 1025, '2025-03-07 09:25:28'),
(270, 18, 4, 1050, '2025-03-07 09:25:28'),
(271, 18, 3, 1050, '2025-03-07 09:25:28'),
(272, 18, 8, 1050, '2025-03-07 09:25:29'),
(273, 18, 7, 1075, '2025-03-07 09:25:30'),
(274, 18, 7, 1075, '2025-03-07 09:25:30'),
(275, 18, 4, 1075, '2025-03-07 09:25:30'),
(276, 18, 7, 1075, '2025-03-07 09:25:30'),
(277, 18, 6, 1100, '2025-03-07 09:25:31'),
(278, 18, 6, 1100, '2025-03-07 09:25:32'),
(279, 18, 3, 1100, '2025-03-07 09:25:32'),
(280, 18, 8, 1125, '2025-03-07 09:25:33'),
(281, 18, 1, 1125, '2025-03-07 09:25:34'),
(282, 18, 7, 1150, '2025-03-07 09:25:34'),
(283, 18, 7, 1150, '2025-03-07 09:25:34'),
(284, 18, 8, 1150, '2025-03-07 09:25:35'),
(285, 18, 8, 1150, '2025-03-07 09:25:36'),
(286, 18, 8, 1150, '2025-03-07 09:25:36'),
(287, 18, 3, 1175, '2025-03-07 09:25:36'),
(288, 18, 8, 1150, '2025-03-07 09:25:36'),
(289, 18, 8, 1200, '2025-03-07 09:25:36'),
(290, 18, 6, 1175, '2025-03-07 09:25:37'),
(291, 18, 7, 1175, '2025-03-07 09:25:37'),
(292, 18, 8, 1200, '2025-03-07 09:25:37'),
(293, 18, 1, 1200, '2025-03-07 09:25:37'),
(294, 18, 4, 1225, '2025-03-07 09:25:40'),
(295, 18, 6, 1225, '2025-03-07 09:25:40'),
(296, 18, 3, 1225, '2025-03-07 09:25:41'),
(297, 18, 8, 1250, '2025-03-07 09:25:41'),
(298, 18, 1, 1250, '2025-03-07 09:25:42'),
(299, 18, 7, 1275, '2025-03-07 09:25:43'),
(300, 18, 6, 1275, '2025-03-07 09:25:44'),
(301, 18, 8, 1275, '2025-03-07 09:25:44'),
(302, 18, 3, 1275, '2025-03-07 09:25:44'),
(303, 18, 4, 1300, '2025-03-07 09:25:44'),
(304, 18, 8, 1325, '2025-03-07 09:25:46'),
(305, 18, 6, 1325, '2025-03-07 09:25:47'),
(306, 18, 1, 1350, '2025-03-07 09:25:48'),
(307, 18, 7, 1350, '2025-03-07 09:25:48'),
(308, 18, 3, 1350, '2025-03-07 09:25:49'),
(309, 18, 8, 1375, '2025-03-07 09:25:50'),
(310, 18, 4, 1375, '2025-03-07 09:25:50'),
(311, 18, 7, 1375, '2025-03-07 09:25:51'),
(312, 18, 8, 1400, '2025-03-07 09:25:52'),
(313, 18, 6, 1425, '2025-03-07 09:25:54'),
(314, 18, 4, 1425, '2025-03-07 09:25:54'),
(315, 18, 7, 1450, '2025-03-07 09:25:56'),
(316, 18, 8, 1450, '2025-03-07 09:25:56'),
(317, 18, 8, 1475, '2025-03-07 09:25:58'),
(318, 18, 7, 1475, '2025-03-07 09:25:59'),
(319, 18, 4, 1475, '2025-03-07 09:25:59'),
(320, 18, 6, 1500, '2025-03-07 09:26:01'),
(321, 18, 8, 1500, '2025-03-07 09:26:01'),
(322, 18, 7, 1525, '2025-03-07 09:26:03'),
(323, 18, 4, 1525, '2025-03-07 09:26:04'),
(324, 18, 8, 1550, '2025-03-07 09:26:05'),
(325, 18, 4, 1575, '2025-03-07 09:26:07'),
(326, 18, 6, 1600, '2025-03-07 09:26:09'),
(327, 18, 8, 1600, '2025-03-07 09:26:09'),
(328, 18, 4, 1625, '2025-03-07 09:26:12'),
(329, 18, 7, 1650, '2025-03-07 09:26:14'),
(330, 18, 8, 1650, '2025-03-07 09:26:14'),
(331, 18, 7, 1675, '2025-03-07 09:26:20'),
(332, 18, 8, 1700, '2025-03-07 09:26:22'),
(333, 18, 7, 1725, '2025-03-07 09:26:30'),
(334, 18, 8, 1750, '2025-03-07 09:26:33'),
(335, 18, 4, 1775, '2025-03-07 09:26:36'),
(336, 18, 7, 1800, '2025-03-07 09:26:38'),
(337, 18, 8, 1825, '2025-03-07 09:26:39'),
(338, 18, 4, 1850, '2025-03-07 09:26:43'),
(339, 18, 8, 1875, '2025-03-07 09:26:49'),
(340, 18, 4, 1900, '2025-03-07 09:26:57'),
(341, 18, 8, 1925, '2025-03-07 09:27:00'),
(342, 20, 7, 220, '2025-03-07 09:27:59'),
(343, 20, 4, 240, '2025-03-07 09:28:04'),
(344, 20, 7, 260, '2025-03-07 09:28:05'),
(345, 20, 8, 280, '2025-03-07 09:28:07'),
(346, 20, 4, 280, '2025-03-07 09:28:07'),
(347, 20, 7, 300, '2025-03-07 09:28:08'),
(348, 20, 4, 300, '2025-03-07 09:28:09'),
(349, 20, 1, 320, '2025-03-07 09:28:11'),
(350, 20, 7, 320, '2025-03-07 09:28:11'),
(351, 20, 7, 340, '2025-03-07 09:28:13'),
(352, 20, 4, 360, '2025-03-07 09:28:14'),
(353, 20, 7, 380, '2025-03-07 09:28:17'),
(354, 20, 8, 400, '2025-03-07 09:28:18'),
(355, 20, 1, 400, '2025-03-07 09:28:18'),
(356, 20, 4, 400, '2025-03-07 09:28:20'),
(357, 20, 7, 420, '2025-03-07 09:28:21'),
(358, 20, 3, 420, '2025-03-07 09:28:21'),
(359, 20, 7, 440, '2025-03-07 09:28:23'),
(360, 20, 1, 460, '2025-03-07 09:28:32'),
(361, 20, 3, 460, '2025-03-07 09:28:34'),
(362, 20, 7, 480, '2025-03-07 09:28:34'),
(363, 20, 5, 460, '2025-03-07 09:28:34'),
(364, 20, 4, 480, '2025-03-07 09:28:34'),
(365, 20, 7, 500, '2025-03-07 09:28:36'),
(366, 20, 6, 500, '2025-03-07 09:28:36'),
(367, 20, 7, 525, '2025-03-07 09:28:37'),
(368, 20, 4, 525, '2025-03-07 09:28:39'),
(369, 20, 7, 550, '2025-03-07 09:28:41'),
(370, 20, 4, 575, '2025-03-07 09:28:45'),
(371, 20, 6, 575, '2025-03-07 09:28:46'),
(372, 20, 7, 600, '2025-03-07 09:28:47'),
(373, 20, 4, 600, '2025-03-07 09:28:49'),
(374, 20, 6, 625, '2025-03-07 09:28:50'),
(375, 20, 4, 650, '2025-03-07 09:28:53'),
(376, 20, 7, 650, '2025-03-07 09:28:53'),
(377, 20, 8, 675, '2025-03-07 09:28:55'),
(378, 20, 6, 675, '2025-03-07 09:28:56'),
(379, 20, 8, 700, '2025-03-07 09:28:56'),
(380, 20, 4, 725, '2025-03-07 09:28:58'),
(381, 20, 6, 750, '2025-03-07 09:29:04'),
(382, 20, 4, 775, '2025-03-07 09:29:11'),
(383, 20, 6, 800, '2025-03-07 09:29:12'),
(384, 20, 4, 825, '2025-03-07 09:29:18'),
(385, 20, 2, 850, '2025-03-07 09:29:19'),
(386, 20, 4, 875, '2025-03-07 09:29:22'),
(387, 21, 4, 25, '2025-03-07 09:30:13'),
(388, 21, 5, 30, '2025-03-07 09:30:21'),
(389, 21, 4, 35, '2025-03-07 09:30:37'),
(390, 23, 5, 55, '2025-03-07 09:31:25'),
(391, 24, 7, 55, '2025-03-07 09:31:55'),
(392, 24, 3, 55, '2025-03-07 09:31:55'),
(393, 24, 7, 60, '2025-03-07 09:31:59'),
(394, 24, 6, 60, '2025-03-07 09:31:59'),
(395, 24, 6, 60, '2025-03-07 09:31:59'),
(396, 24, 8, 60, '2025-03-07 09:32:00'),
(397, 24, 6, 65, '2025-03-07 09:32:02'),
(398, 24, 7, 70, '2025-03-07 09:32:03'),
(399, 24, 8, 70, '2025-03-07 09:32:05'),
(400, 24, 3, 75, '2025-03-07 09:32:05'),
(401, 24, 6, 80, '2025-03-07 09:32:08'),
(402, 24, 8, 80, '2025-03-07 09:32:08'),
(403, 24, 6, 85, '2025-03-07 09:32:10'),
(404, 24, 7, 90, '2025-03-07 09:32:12'),
(405, 24, 3, 90, '2025-03-07 09:32:13'),
(406, 24, 6, 90, '2025-03-07 09:32:13'),
(407, 24, 8, 90, '2025-03-07 09:32:13'),
(408, 24, 4, 90, '2025-03-07 09:32:13'),
(409, 24, 1, 95, '2025-03-07 09:32:13'),
(410, 24, 7, 95, '2025-03-07 09:32:14'),
(411, 24, 6, 95, '2025-03-07 09:32:15'),
(412, 24, 3, 100, '2025-03-07 09:32:17'),
(413, 24, 8, 100, '2025-03-07 09:32:17'),
(414, 24, 6, 100, '2025-03-07 09:32:17'),
(415, 24, 7, 110, '2025-03-07 09:32:20'),
(416, 24, 6, 110, '2025-03-07 09:32:20'),
(417, 24, 3, 110, '2025-03-07 09:32:20'),
(418, 24, 4, 120, '2025-03-07 09:32:23'),
(419, 24, 6, 130, '2025-03-07 09:32:24'),
(420, 24, 8, 120, '2025-03-07 09:32:24'),
(421, 24, 1, 120, '2025-03-07 09:32:24'),
(422, 24, 3, 130, '2025-03-07 09:32:25'),
(423, 24, 8, 140, '2025-03-07 09:32:27'),
(424, 24, 6, 140, '2025-03-07 09:32:27'),
(425, 24, 8, 150, '2025-03-07 09:32:29'),
(426, 24, 1, 150, '2025-03-07 09:32:30'),
(427, 24, 6, 160, '2025-03-07 09:32:31'),
(428, 24, 7, 150, '2025-03-07 09:32:31'),
(429, 24, 8, 160, '2025-03-07 09:32:32'),
(430, 24, 7, 170, '2025-03-07 09:32:34'),
(431, 24, 8, 180, '2025-03-07 09:32:38'),
(432, 24, 1, 190, '2025-03-07 09:32:40'),
(433, 24, 6, 180, '2025-03-07 09:32:40'),
(434, 24, 7, 190, '2025-03-07 09:32:41'),
(435, 24, 4, 200, '2025-03-07 09:32:44'),
(436, 24, 8, 220, '2025-03-07 09:32:46'),
(437, 24, 7, 220, '2025-03-07 09:32:46'),
(438, 24, 4, 240, '2025-03-07 09:32:48'),
(439, 24, 2, 260, '2025-03-07 09:32:49'),
(440, 24, 7, 280, '2025-03-07 09:32:51'),
(441, 24, 4, 280, '2025-03-07 09:32:51'),
(442, 24, 6, 280, '2025-03-07 09:32:52'),
(443, 24, 7, 300, '2025-03-07 09:32:54'),
(444, 24, 8, 300, '2025-03-07 09:32:55'),
(445, 24, 4, 320, '2025-03-07 09:32:55'),
(446, 24, 7, 340, '2025-03-07 09:32:56'),
(447, 24, 4, 360, '2025-03-07 09:33:00'),
(448, 24, 2, 380, '2025-03-07 09:33:03'),
(449, 24, 4, 400, '2025-03-07 09:33:07'),
(450, 24, 7, 420, '2025-03-07 09:33:14'),
(451, 24, 5, 440, '2025-03-07 09:33:17'),
(452, 24, 7, 460, '2025-03-07 09:33:20'),
(453, 24, 5, 480, '2025-03-07 09:33:26'),
(454, 24, 7, 500, '2025-03-07 09:33:28'),
(455, 24, 4, 500, '2025-03-07 09:33:29'),
(456, 24, 5, 525, '2025-03-07 09:33:33'),
(457, 24, 7, 550, '2025-03-07 09:33:35'),
(458, 24, 4, 575, '2025-03-07 09:33:42'),
(459, 24, 7, 600, '2025-03-07 09:33:45'),
(460, 24, 5, 625, '2025-03-07 09:33:47'),
(461, 24, 7, 650, '2025-03-07 09:33:51'),
(462, 24, 5, 675, '2025-03-07 09:34:02'),
(463, 25, 7, 110, '2025-03-07 09:35:31'),
(464, 25, 1, 120, '2025-03-07 09:35:40'),
(465, 25, 7, 130, '2025-03-07 09:35:48'),
(466, 27, 8, 420, '2025-03-07 09:36:49'),
(467, 27, 2, 440, '2025-03-07 09:36:52'),
(468, 27, 1, 460, '2025-03-07 09:37:04'),
(469, 27, 2, 480, '2025-03-07 09:37:09'),
(470, 27, 1, 500, '2025-03-07 09:37:16'),
(471, 27, 6, 525, '2025-03-07 09:37:18'),
(472, 27, 2, 550, '2025-03-07 09:37:21'),
(473, 27, 1, 575, '2025-03-07 09:37:24'),
(474, 27, 6, 600, '2025-03-07 09:37:25'),
(475, 27, 2, 625, '2025-03-07 09:37:35'),
(476, 30, 7, 420, '2025-03-07 09:39:16'),
(477, 30, 8, 440, '2025-03-07 09:39:21'),
(478, 30, 6, 440, '2025-03-07 09:39:21'),
(479, 30, 7, 460, '2025-03-07 09:39:23'),
(480, 30, 6, 460, '2025-03-07 09:39:24'),
(481, 30, 7, 480, '2025-03-07 09:39:27'),
(482, 30, 6, 480, '2025-03-07 09:39:28'),
(483, 30, 8, 480, '2025-03-07 09:39:28'),
(484, 30, 8, 500, '2025-03-07 09:39:30'),
(485, 30, 7, 525, '2025-03-07 09:39:31'),
(486, 30, 8, 525, '2025-03-07 09:39:31'),
(487, 30, 7, 550, '2025-03-07 09:39:34'),
(488, 30, 8, 575, '2025-03-07 09:39:35'),
(489, 30, 6, 575, '2025-03-07 09:39:36'),
(490, 30, 8, 600, '2025-03-07 09:39:38'),
(491, 30, 6, 625, '2025-03-07 09:39:46'),
(492, 30, 7, 625, '2025-03-07 09:39:46'),
(493, 30, 8, 650, '2025-03-07 09:39:50'),
(494, 30, 1, 650, '2025-03-07 09:39:51'),
(495, 30, 6, 675, '2025-03-07 09:39:52'),
(496, 30, 1, 700, '2025-03-07 09:39:55'),
(497, 30, 7, 725, '2025-03-07 09:39:57'),
(498, 30, 1, 750, '2025-03-07 09:39:59'),
(499, 30, 7, 775, '2025-03-07 09:40:04'),
(500, 30, 6, 775, '2025-03-07 09:40:05'),
(501, 30, 1, 800, '2025-03-07 09:40:07'),
(502, 30, 7, 825, '2025-03-07 09:40:09'),
(503, 30, 6, 850, '2025-03-07 09:40:11'),
(504, 30, 1, 875, '2025-03-07 09:40:13'),
(505, 30, 7, 900, '2025-03-07 09:40:13'),
(506, 30, 1, 925, '2025-03-07 09:40:20'),
(507, 30, 7, 950, '2025-03-07 09:40:22'),
(508, 30, 6, 975, '2025-03-07 09:40:25'),
(509, 30, 1, 1000, '2025-03-07 09:40:29'),
(510, 34, 7, 110, '2025-03-07 09:41:55'),
(511, 34, 6, 120, '2025-03-07 09:41:58'),
(512, 34, 7, 130, '2025-03-07 09:41:59'),
(513, 34, 3, 130, '2025-03-07 09:42:00'),
(514, 34, 7, 140, '2025-03-07 09:42:00'),
(515, 34, 6, 130, '2025-03-07 09:42:01'),
(516, 34, 7, 150, '2025-03-07 09:42:03'),
(517, 34, 6, 160, '2025-03-07 09:42:04'),
(518, 34, 7, 170, '2025-03-07 09:42:05'),
(519, 34, 1, 180, '2025-03-07 09:42:06'),
(520, 34, 7, 190, '2025-03-07 09:42:07'),
(521, 34, 3, 180, '2025-03-07 09:42:07'),
(522, 34, 6, 200, '2025-03-07 09:42:08'),
(523, 34, 8, 220, '2025-03-07 09:42:08'),
(524, 34, 7, 220, '2025-03-07 09:42:09'),
(525, 34, 6, 240, '2025-03-07 09:42:10'),
(526, 34, 8, 240, '2025-03-07 09:42:12'),
(527, 34, 6, 260, '2025-03-07 09:42:12'),
(528, 34, 7, 260, '2025-03-07 09:42:14'),
(529, 34, 3, 280, '2025-03-07 09:42:15'),
(530, 34, 8, 280, '2025-03-07 09:42:15'),
(531, 34, 7, 300, '2025-03-07 09:42:17'),
(532, 34, 5, 320, '2025-03-07 09:42:19'),
(533, 34, 6, 320, '2025-03-07 09:42:19'),
(534, 34, 8, 320, '2025-03-07 09:42:19'),
(535, 34, 3, 340, '2025-03-07 09:42:21'),
(536, 34, 6, 340, '2025-03-07 09:42:21'),
(537, 34, 7, 340, '2025-03-07 09:42:21'),
(538, 34, 6, 360, '2025-03-07 09:42:23'),
(539, 34, 8, 360, '2025-03-07 09:42:23'),
(540, 34, 6, 380, '2025-03-07 09:42:25'),
(541, 34, 7, 380, '2025-03-07 09:42:25'),
(542, 34, 6, 400, '2025-03-07 09:42:27'),
(543, 34, 5, 400, '2025-03-07 09:42:27'),
(544, 34, 8, 400, '2025-03-07 09:42:28'),
(545, 34, 6, 420, '2025-03-07 09:42:29'),
(546, 34, 7, 420, '2025-03-07 09:42:29'),
(547, 34, 6, 440, '2025-03-07 09:42:31'),
(548, 34, 8, 460, '2025-03-07 09:42:31'),
(549, 34, 7, 440, '2025-03-07 09:42:32'),
(550, 34, 6, 480, '2025-03-07 09:42:32'),
(551, 34, 6, 500, '2025-03-07 09:42:34'),
(552, 34, 8, 500, '2025-03-07 09:42:35'),
(553, 34, 7, 525, '2025-03-07 09:42:36'),
(554, 34, 6, 550, '2025-03-07 09:42:37'),
(555, 34, 8, 550, '2025-03-07 09:42:38'),
(556, 34, 7, 575, '2025-03-07 09:42:40'),
(557, 34, 6, 575, '2025-03-07 09:42:40'),
(558, 34, 8, 600, '2025-03-07 09:42:42'),
(559, 34, 7, 600, '2025-03-07 09:42:42'),
(560, 34, 6, 600, '2025-03-07 09:42:42'),
(561, 34, 6, 625, '2025-03-07 09:42:45'),
(562, 34, 7, 650, '2025-03-07 09:42:47'),
(563, 34, 6, 650, '2025-03-07 09:42:48'),
(564, 34, 6, 675, '2025-03-07 09:42:52'),
(565, 34, 7, 700, '2025-03-07 09:42:53'),
(566, 34, 1, 700, '2025-03-07 09:42:54'),
(567, 34, 7, 725, '2025-03-07 09:42:58'),
(568, 34, 6, 750, '2025-03-07 09:43:00'),
(569, 34, 7, 775, '2025-03-07 09:43:03'),
(570, 34, 1, 775, '2025-03-07 09:43:03'),
(571, 34, 3, 775, '2025-03-07 09:43:03'),
(572, 34, 6, 800, '2025-03-07 09:43:04'),
(573, 34, 7, 825, '2025-03-07 09:43:10'),
(574, 34, 6, 850, '2025-03-07 09:43:16'),
(575, 34, 7, 875, '2025-03-07 09:43:19'),
(576, 34, 6, 900, '2025-03-07 09:43:23'),
(577, 34, 7, 925, '2025-03-07 09:43:25'),
(578, 34, 6, 950, '2025-03-07 09:43:31'),
(579, 34, 7, 975, '2025-03-07 09:43:33'),
(580, 34, 6, 1000, '2025-03-07 09:43:36'),
(581, 34, 7, 1025, '2025-03-07 09:43:37'),
(582, 34, 6, 1050, '2025-03-07 09:43:39'),
(583, 34, 7, 1075, '2025-03-07 09:43:43'),
(584, 34, 6, 1100, '2025-03-07 09:43:46'),
(585, 34, 7, 1125, '2025-03-07 09:43:47'),
(586, 34, 6, 1150, '2025-03-07 09:43:49'),
(587, 34, 7, 1175, '2025-03-07 09:43:55'),
(588, 34, 6, 1200, '2025-03-07 09:43:59'),
(589, 34, 7, 1225, '2025-03-07 09:44:02'),
(590, 34, 1, 1250, '2025-03-07 09:44:09'),
(591, 35, 6, 220, '2025-03-07 09:45:49'),
(592, 35, 7, 240, '2025-03-07 09:45:56'),
(593, 35, 6, 260, '2025-03-07 09:46:14'),
(594, 36, 3, 35, '2025-03-07 09:46:43'),
(595, 36, 2, 40, '2025-03-07 09:46:54'),
(596, 36, 6, 45, '2025-03-07 09:46:56'),
(597, 36, 3, 45, '2025-03-07 09:46:56'),
(598, 36, 6, 50, '2025-03-07 09:46:59'),
(599, 36, 2, 50, '2025-03-07 09:47:00'),
(600, 36, 3, 50, '2025-03-07 09:47:00'),
(601, 36, 3, 55, '2025-03-07 09:47:02'),
(602, 36, 2, 60, '2025-03-07 09:47:05'),
(603, 36, 3, 65, '2025-03-07 09:47:07'),
(604, 36, 6, 65, '2025-03-07 09:47:08'),
(605, 36, 2, 70, '2025-03-07 09:47:10'),
(606, 36, 3, 75, '2025-03-07 09:47:10'),
(607, 36, 7, 80, '2025-03-07 09:47:11'),
(608, 36, 3, 85, '2025-03-07 09:47:13'),
(609, 36, 1, 90, '2025-03-07 09:47:15'),
(610, 36, 6, 90, '2025-03-07 09:47:15'),
(611, 36, 7, 95, '2025-03-07 09:47:17'),
(612, 36, 1, 100, '2025-03-07 09:47:19'),
(613, 36, 7, 110, '2025-03-07 09:47:22'),
(614, 36, 2, 120, '2025-03-07 09:47:23'),
(615, 36, 1, 120, '2025-03-07 09:47:24'),
(616, 36, 6, 120, '2025-03-07 09:47:24'),
(617, 36, 7, 130, '2025-03-07 09:47:26'),
(618, 36, 1, 140, '2025-03-07 09:47:29'),
(619, 36, 7, 150, '2025-03-07 09:47:31'),
(620, 36, 6, 160, '2025-03-07 09:47:32'),
(621, 36, 1, 170, '2025-03-07 09:47:34'),
(622, 36, 7, 170, '2025-03-07 09:47:35'),
(623, 36, 4, 180, '2025-03-07 09:47:36'),
(624, 36, 6, 190, '2025-03-07 09:47:38'),
(625, 36, 7, 190, '2025-03-07 09:47:39'),
(626, 36, 1, 200, '2025-03-07 09:47:40'),
(627, 36, 7, 220, '2025-03-07 09:47:43'),
(628, 36, 6, 220, '2025-03-07 09:47:43'),
(629, 36, 7, 240, '2025-03-07 09:47:48'),
(630, 36, 1, 240, '2025-03-07 09:47:48'),
(631, 36, 7, 260, '2025-03-07 09:47:54'),
(632, 36, 2, 280, '2025-03-07 09:47:56'),
(633, 36, 7, 300, '2025-03-07 09:47:58'),
(634, 36, 1, 300, '2025-03-07 09:47:58'),
(635, 36, 7, 320, '2025-03-07 09:48:00'),
(636, 36, 2, 340, '2025-03-07 09:48:08'),
(637, 36, 7, 360, '2025-03-07 09:48:09'),
(638, 36, 4, 360, '2025-03-07 09:48:09'),
(639, 36, 7, 380, '2025-03-07 09:48:14'),
(640, 36, 2, 400, '2025-03-07 09:48:14'),
(641, 36, 7, 420, '2025-03-07 09:48:16'),
(642, 36, 1, 440, '2025-03-07 09:48:17'),
(643, 36, 2, 460, '2025-03-07 09:48:20'),
(644, 36, 7, 460, '2025-03-07 09:48:21'),
(645, 36, 2, 480, '2025-03-07 09:48:25'),
(646, 36, 7, 500, '2025-03-07 09:48:28'),
(647, 36, 1, 525, '2025-03-07 09:48:30'),
(648, 36, 7, 550, '2025-03-07 09:48:32'),
(649, 36, 2, 550, '2025-03-07 09:48:32'),
(650, 36, 7, 575, '2025-03-07 09:48:36'),
(651, 36, 2, 600, '2025-03-07 09:48:42'),
(652, 36, 7, 625, '2025-03-07 09:48:44'),
(653, 36, 2, 650, '2025-03-07 09:48:49'),
(654, 36, 1, 675, '2025-03-07 09:48:50'),
(655, 36, 7, 675, '2025-03-07 09:48:50'),
(656, 36, 7, 700, '2025-03-07 09:48:56'),
(657, 36, 2, 725, '2025-03-07 09:49:04'),
(658, 36, 7, 750, '2025-03-07 09:49:09'),
(659, 36, 2, 775, '2025-03-07 09:49:13'),
(660, 36, 7, 800, '2025-03-07 09:49:17'),
(661, 37, 2, 35, '2025-03-07 09:50:38'),
(662, 38, 3, 25, '2025-03-07 09:51:03'),
(663, 38, 6, 30, '2025-03-07 09:51:06'),
(664, 38, 3, 35, '2025-03-07 09:51:09'),
(665, 38, 8, 35, '2025-03-07 09:51:10'),
(666, 38, 1, 35, '2025-03-07 09:51:10'),
(667, 38, 7, 40, '2025-03-07 09:51:14'),
(668, 38, 3, 40, '2025-03-07 09:51:14'),
(669, 38, 6, 40, '2025-03-07 09:51:15'),
(670, 38, 6, 45, '2025-03-07 09:51:17'),
(671, 38, 7, 50, '2025-03-07 09:51:19'),
(672, 38, 3, 50, '2025-03-07 09:51:19'),
(673, 38, 6, 55, '2025-03-07 09:51:21'),
(674, 38, 7, 60, '2025-03-07 09:51:22'),
(675, 38, 6, 65, '2025-03-07 09:51:25'),
(676, 38, 3, 65, '2025-03-07 09:51:25'),
(677, 38, 5, 65, '2025-03-07 09:51:26'),
(678, 38, 7, 70, '2025-03-07 09:51:26'),
(679, 38, 8, 65, '2025-03-07 09:51:27'),
(680, 38, 6, 75, '2025-03-07 09:51:28'),
(681, 38, 7, 75, '2025-03-07 09:51:28'),
(682, 38, 6, 75, '2025-03-07 09:51:30'),
(683, 38, 3, 80, '2025-03-07 09:51:31'),
(684, 38, 6, 80, '2025-03-07 09:51:31'),
(685, 38, 1, 85, '2025-03-07 09:51:32'),
(686, 38, 6, 85, '2025-03-07 09:51:33'),
(687, 38, 5, 90, '2025-03-07 09:51:34'),
(688, 38, 3, 90, '2025-03-07 09:51:35'),
(689, 38, 6, 90, '2025-03-07 09:51:35'),
(690, 38, 7, 95, '2025-03-07 09:51:36'),
(691, 38, 1, 95, '2025-03-07 09:51:36'),
(692, 38, 6, 95, '2025-03-07 09:51:37'),
(693, 38, 6, 100, '2025-03-07 09:51:39'),
(694, 38, 1, 100, '2025-03-07 09:51:39'),
(695, 38, 4, 100, '2025-03-07 09:51:39'),
(696, 38, 3, 100, '2025-03-07 09:51:40'),
(697, 38, 7, 110, '2025-03-07 09:51:40'),
(698, 38, 6, 110, '2025-03-07 09:51:41'),
(699, 38, 1, 110, '2025-03-07 09:51:41'),
(700, 38, 5, 120, '2025-03-07 09:51:43'),
(701, 38, 6, 120, '2025-03-07 09:51:43'),
(702, 38, 4, 120, '2025-03-07 09:51:43'),
(703, 38, 3, 120, '2025-03-07 09:51:44'),
(704, 38, 6, 130, '2025-03-07 09:51:45'),
(705, 38, 1, 130, '2025-03-07 09:51:45'),
(706, 38, 7, 140, '2025-03-07 09:51:46'),
(707, 38, 3, 150, '2025-03-07 09:51:48'),
(708, 38, 1, 140, '2025-03-07 09:51:48'),
(709, 38, 4, 150, '2025-03-07 09:51:48'),
(710, 38, 6, 150, '2025-03-07 09:51:48'),
(711, 38, 8, 160, '2025-03-07 09:51:48'),
(712, 38, 6, 170, '2025-03-07 09:51:50'),
(713, 38, 7, 170, '2025-03-07 09:51:51'),
(714, 38, 1, 170, '2025-03-07 09:51:51'),
(715, 38, 3, 180, '2025-03-07 09:51:52'),
(716, 38, 4, 180, '2025-03-07 09:51:52'),
(717, 38, 7, 190, '2025-03-07 09:51:55'),
(718, 38, 1, 190, '2025-03-07 09:51:55'),
(719, 38, 8, 190, '2025-03-07 09:51:55'),
(720, 38, 6, 200, '2025-03-07 09:51:57'),
(721, 38, 5, 200, '2025-03-07 09:51:57'),
(722, 38, 8, 220, '2025-03-07 09:51:59'),
(723, 38, 7, 220, '2025-03-07 09:51:59'),
(724, 38, 3, 240, '2025-03-07 09:51:59'),
(725, 38, 1, 220, '2025-03-07 09:52:00'),
(726, 38, 8, 260, '2025-03-07 09:52:01'),
(727, 38, 4, 260, '2025-03-07 09:52:02'),
(728, 38, 6, 260, '2025-03-07 09:52:02'),
(729, 38, 7, 280, '2025-03-07 09:52:03'),
(730, 38, 5, 280, '2025-03-07 09:52:03'),
(731, 38, 8, 280, '2025-03-07 09:52:04'),
(732, 38, 1, 280, '2025-03-07 09:52:04'),
(733, 38, 6, 300, '2025-03-07 09:52:06'),
(734, 38, 8, 300, '2025-03-07 09:52:06'),
(735, 38, 3, 300, '2025-03-07 09:52:06'),
(736, 38, 7, 320, '2025-03-07 09:52:07'),
(737, 38, 4, 320, '2025-03-07 09:52:07'),
(738, 38, 8, 320, '2025-03-07 09:52:08'),
(739, 38, 1, 320, '2025-03-07 09:52:08'),
(740, 38, 6, 340, '2025-03-07 09:52:08'),
(741, 38, 7, 340, '2025-03-07 09:52:09'),
(742, 38, 1, 360, '2025-03-07 09:52:10'),
(743, 38, 5, 360, '2025-03-07 09:52:10'),
(744, 38, 6, 360, '2025-03-07 09:52:10'),
(745, 38, 8, 360, '2025-03-07 09:52:10'),
(746, 38, 3, 360, '2025-03-07 09:52:10'),
(747, 38, 4, 360, '2025-03-07 09:52:11'),
(748, 38, 7, 380, '2025-03-07 09:52:13'),
(749, 38, 8, 380, '2025-03-07 09:52:13'),
(750, 38, 6, 400, '2025-03-07 09:52:14'),
(751, 38, 3, 380, '2025-03-07 09:52:15'),
(752, 38, 4, 420, '2025-03-07 09:52:15'),
(753, 38, 1, 420, '2025-03-07 09:52:16'),
(754, 38, 7, 420, '2025-03-07 09:52:16'),
(755, 38, 8, 420, '2025-03-07 09:52:16'),
(756, 38, 6, 440, '2025-03-07 09:52:18'),
(757, 38, 3, 440, '2025-03-07 09:52:19'),
(758, 38, 7, 460, '2025-03-07 09:52:19'),
(759, 38, 1, 460, '2025-03-07 09:52:20'),
(760, 38, 6, 480, '2025-03-07 09:52:20'),
(761, 38, 8, 460, '2025-03-07 09:52:21'),
(762, 38, 4, 500, '2025-03-07 09:52:22'),
(763, 38, 7, 500, '2025-03-07 09:52:22'),
(764, 38, 6, 500, '2025-03-07 09:52:23'),
(765, 38, 5, 525, '2025-03-07 09:52:24'),
(766, 38, 8, 525, '2025-03-07 09:52:24'),
(767, 38, 1, 525, '2025-03-07 09:52:24'),
(768, 38, 8, 550, '2025-03-07 09:52:27'),
(769, 38, 6, 550, '2025-03-07 09:52:27'),
(770, 38, 4, 575, '2025-03-07 09:52:28'),
(771, 38, 1, 575, '2025-03-07 09:52:28'),
(772, 38, 6, 575, '2025-03-07 09:52:30'),
(773, 38, 4, 600, '2025-03-07 09:52:31'),
(774, 38, 6, 625, '2025-03-07 09:52:32'),
(775, 38, 7, 650, '2025-03-07 09:52:34'),
(776, 38, 6, 675, '2025-03-07 09:52:34'),
(777, 38, 1, 650, '2025-03-07 09:52:34'),
(778, 38, 4, 650, '2025-03-07 09:52:35'),
(779, 38, 6, 700, '2025-03-07 09:52:36'),
(780, 38, 3, 700, '2025-03-07 09:52:37'),
(781, 38, 6, 725, '2025-03-07 09:52:38'),
(782, 38, 6, 725, '2025-03-07 09:52:40'),
(783, 38, 7, 750, '2025-03-07 09:52:43'),
(784, 38, 3, 750, '2025-03-07 09:52:43'),
(785, 38, 6, 750, '2025-03-07 09:52:43'),
(786, 38, 6, 775, '2025-03-07 09:52:46'),
(787, 38, 1, 800, '2025-03-07 09:52:51'),
(788, 38, 6, 825, '2025-03-07 09:52:53'),
(789, 38, 1, 850, '2025-03-07 09:52:56'),
(790, 38, 6, 875, '2025-03-07 09:52:57'),
(791, 38, 6, 900, '2025-03-07 09:53:00'),
(792, 38, 1, 900, '2025-03-07 09:53:00'),
(793, 38, 7, 900, '2025-03-07 09:53:01'),
(794, 38, 1, 925, '2025-03-07 09:53:04'),
(795, 38, 6, 925, '2025-03-07 09:53:05'),
(796, 38, 7, 950, '2025-03-07 09:53:09'),
(797, 38, 6, 950, '2025-03-07 09:53:09'),
(798, 38, 1, 950, '2025-03-07 09:53:10'),
(799, 38, 4, 975, '2025-03-07 09:53:12'),
(800, 38, 7, 975, '2025-03-07 09:53:13'),
(801, 38, 6, 1000, '2025-03-07 09:53:13'),
(802, 38, 1, 1000, '2025-03-07 09:53:14'),
(803, 38, 7, 1025, '2025-03-07 09:53:15'),
(804, 38, 1, 1050, '2025-03-07 09:53:18'),
(805, 38, 7, 1075, '2025-03-07 09:53:22'),
(806, 38, 1, 1100, '2025-03-07 09:53:24'),
(807, 38, 6, 1100, '2025-03-07 09:53:25'),
(808, 38, 1, 1125, '2025-03-07 09:53:28'),
(809, 38, 7, 1150, '2025-03-07 09:53:32'),
(810, 38, 6, 1175, '2025-03-07 09:53:32'),
(811, 38, 7, 1200, '2025-03-07 09:53:34'),
(812, 38, 6, 1225, '2025-03-07 09:53:36'),
(813, 38, 7, 1250, '2025-03-07 09:53:39'),
(814, 38, 6, 1275, '2025-03-07 09:53:41'),
(815, 38, 7, 1300, '2025-03-07 09:53:43'),
(816, 38, 6, 1325, '2025-03-07 09:53:48'),
(817, 38, 7, 1350, '2025-03-07 09:53:50'),
(818, 38, 6, 1375, '2025-03-07 09:53:53'),
(819, 38, 7, 1400, '2025-03-07 09:53:55'),
(820, 38, 6, 1425, '2025-03-07 09:53:58'),
(821, 38, 7, 1450, '2025-03-07 09:54:00'),
(822, 38, 6, 1475, '2025-03-07 09:54:06'),
(823, 38, 7, 1500, '2025-03-07 09:54:08'),
(824, 38, 6, 1525, '2025-03-07 09:54:11'),
(825, 38, 7, 1550, '2025-03-07 09:54:14'),
(826, 38, 8, 1575, '2025-03-07 09:54:23'),
(827, 38, 7, 1600, '2025-03-07 09:54:27'),
(828, 38, 8, 1625, '2025-03-07 09:54:34'),
(829, 38, 7, 1650, '2025-03-07 09:54:39'),
(830, 38, 8, 1675, '2025-03-07 09:54:47'),
(831, 38, 7, 1700, '2025-03-07 09:54:51'),
(832, 38, 8, 1725, '2025-03-07 09:55:01'),
(833, 38, 7, 1750, '2025-03-07 09:55:03'),
(834, 38, 8, 1775, '2025-03-07 09:55:06'),
(835, 38, 7, 1800, '2025-03-07 09:55:08'),
(836, 38, 8, 1825, '2025-03-07 09:55:15'),
(837, 38, 7, 1850, '2025-03-07 09:55:18'),
(838, 38, 8, 1875, '2025-03-07 09:55:27'),
(839, 38, 7, 1900, '2025-03-07 09:55:30'),
(840, 38, 8, 1925, '2025-03-07 09:55:40'),
(841, 38, 8, 1950, '2025-03-07 09:55:43'),
(842, 38, 7, 1975, '2025-03-07 09:55:47'),
(843, 38, 8, 2000, '2025-03-07 09:55:58'),
(844, 38, 7, 2025, '2025-03-07 09:56:06'),
(845, 40, 3, 220, '2025-03-07 09:57:33'),
(846, 40, 8, 240, '2025-03-07 09:57:36'),
(847, 40, 3, 260, '2025-03-07 09:57:38'),
(848, 40, 6, 260, '2025-03-07 09:57:38'),
(849, 40, 8, 280, '2025-03-07 09:57:39'),
(850, 40, 1, 300, '2025-03-07 09:57:41'),
(851, 40, 6, 300, '2025-03-07 09:57:42'),
(852, 40, 3, 320, '2025-03-07 09:57:44'),
(853, 40, 8, 320, '2025-03-07 09:57:44'),
(854, 40, 6, 320, '2025-03-07 09:57:44'),
(855, 40, 6, 320, '2025-03-07 09:57:44'),
(856, 40, 6, 320, '2025-03-07 09:57:44'),
(857, 40, 6, 320, '2025-03-07 09:57:45'),
(858, 40, 8, 340, '2025-03-07 09:57:45'),
(859, 40, 3, 360, '2025-03-07 09:57:48'),
(860, 40, 1, 380, '2025-03-07 09:57:50'),
(861, 40, 6, 380, '2025-03-07 09:57:50'),
(862, 40, 3, 400, '2025-03-07 09:57:51'),
(863, 40, 6, 400, '2025-03-07 09:57:52'),
(864, 40, 6, 420, '2025-03-07 09:57:55'),
(865, 40, 3, 420, '2025-03-07 09:57:56'),
(866, 40, 6, 440, '2025-03-07 09:57:56'),
(867, 40, 1, 460, '2025-03-07 09:57:58'),
(868, 40, 6, 460, '2025-03-07 09:57:58'),
(869, 40, 3, 480, '2025-03-07 09:58:00'),
(870, 40, 6, 480, '2025-03-07 09:58:00'),
(871, 40, 1, 500, '2025-03-07 09:58:03'),
(872, 40, 6, 500, '2025-03-07 09:58:03'),
(873, 40, 6, 525, '2025-03-07 09:58:06'),
(874, 40, 3, 525, '2025-03-07 09:58:06'),
(875, 40, 5, 550, '2025-03-07 09:58:07'),
(876, 40, 6, 575, '2025-03-07 09:58:09'),
(877, 40, 3, 600, '2025-03-07 09:58:10'),
(878, 40, 6, 600, '2025-03-07 09:58:11'),
(879, 40, 1, 625, '2025-03-07 09:58:12'),
(880, 40, 6, 650, '2025-03-07 09:58:15'),
(881, 40, 3, 675, '2025-03-07 09:58:16'),
(882, 40, 6, 650, '2025-03-07 09:58:16'),
(883, 40, 5, 675, '2025-03-07 09:58:16'),
(884, 40, 6, 700, '2025-03-07 09:58:20'),
(885, 40, 3, 700, '2025-03-07 09:58:21'),
(886, 40, 6, 725, '2025-03-07 09:58:22'),
(887, 40, 1, 750, '2025-03-07 09:58:24'),
(888, 40, 6, 775, '2025-03-07 09:58:25'),
(889, 40, 6, 800, '2025-03-07 09:58:27'),
(890, 40, 6, 800, '2025-03-07 09:58:29'),
(891, 40, 3, 825, '2025-03-07 09:58:29'),
(892, 40, 6, 825, '2025-03-07 09:58:30'),
(893, 40, 6, 850, '2025-03-07 09:58:32'),
(894, 40, 6, 875, '2025-03-07 09:58:34'),
(895, 40, 3, 875, '2025-03-07 09:58:34'),
(896, 40, 1, 900, '2025-03-07 09:58:35'),
(897, 40, 6, 925, '2025-03-07 09:58:36'),
(898, 40, 3, 950, '2025-03-07 09:58:39'),
(899, 40, 1, 975, '2025-03-07 09:58:42'),
(900, 40, 6, 975, '2025-03-07 09:58:42'),
(901, 40, 3, 1000, '2025-03-07 09:58:43'),
(902, 40, 6, 1025, '2025-03-07 09:58:44'),
(903, 40, 6, 1050, '2025-03-07 09:58:46'),
(904, 40, 1, 1050, '2025-03-07 09:58:47'),
(905, 40, 6, 1075, '2025-03-07 09:58:49'),
(906, 40, 1, 1100, '2025-03-07 09:58:52'),
(907, 40, 6, 1100, '2025-03-07 09:58:52'),
(908, 40, 6, 1125, '2025-03-07 09:58:55'),
(909, 40, 8, 1125, '2025-03-07 09:58:56'),
(910, 40, 1, 1125, '2025-03-07 09:58:56'),
(911, 40, 6, 1150, '2025-03-07 09:58:58'),
(912, 40, 1, 1175, '2025-03-07 09:59:02'),
(913, 40, 6, 1175, '2025-03-07 09:59:02'),
(914, 40, 1, 1200, '2025-03-07 09:59:06'),
(915, 40, 6, 1225, '2025-03-07 09:59:07'),
(916, 40, 1, 1250, '2025-03-07 09:59:10'),
(917, 40, 6, 1275, '2025-03-07 09:59:10'),
(918, 40, 6, 1300, '2025-03-07 09:59:13'),
(919, 40, 1, 1325, '2025-03-07 09:59:15'),
(920, 40, 6, 1325, '2025-03-07 09:59:15'),
(921, 40, 6, 1350, '2025-03-07 09:59:19'),
(922, 40, 1, 1375, '2025-03-07 09:59:21'),
(923, 40, 6, 1400, '2025-03-07 09:59:27'),
(924, 40, 1, 1425, '2025-03-07 09:59:29'),
(925, 40, 6, 1450, '2025-03-07 09:59:32'),
(926, 40, 1, 1475, '2025-03-07 09:59:35'),
(927, 40, 8, 1500, '2025-03-07 09:59:44'),
(928, 40, 1, 1525, '2025-03-07 09:59:46'),
(929, 40, 6, 1550, '2025-03-07 09:59:51'),
(930, 40, 8, 1575, '2025-03-07 10:00:00'),
(931, 40, 6, 1600, '2025-03-07 10:00:06'),
(932, 40, 8, 1625, '2025-03-07 10:00:19'),
(933, 41, 3, 220, '2025-03-07 10:00:46'),
(934, 41, 6, 220, '2025-03-07 10:00:46'),
(935, 41, 6, 240, '2025-03-07 10:00:52'),
(936, 41, 1, 240, '2025-03-07 10:00:53'),
(937, 41, 3, 260, '2025-03-07 10:00:55'),
(938, 41, 1, 280, '2025-03-07 10:01:03'),
(939, 41, 3, 300, '2025-03-07 10:01:06'),
(940, 41, 1, 320, '2025-03-07 10:01:08'),
(941, 41, 6, 320, '2025-03-07 10:01:10'),
(942, 41, 3, 340, '2025-03-07 10:01:11'),
(943, 41, 5, 340, '2025-03-07 10:01:11'),
(944, 41, 1, 340, '2025-03-07 10:01:11'),
(945, 41, 6, 360, '2025-03-07 10:01:13'),
(946, 41, 3, 360, '2025-03-07 10:01:14'),
(947, 41, 5, 360, '2025-03-07 10:01:15'),
(948, 41, 1, 380, '2025-03-07 10:01:15'),
(949, 41, 3, 380, '2025-03-07 10:01:17'),
(950, 41, 5, 400, '2025-03-07 10:01:20'),
(951, 41, 1, 400, '2025-03-07 10:01:20'),
(952, 41, 3, 420, '2025-03-07 10:01:22'),
(953, 41, 6, 440, '2025-03-07 10:01:25'),
(954, 41, 1, 440, '2025-03-07 10:01:26'),
(955, 41, 3, 460, '2025-03-07 10:01:27'),
(956, 41, 6, 480, '2025-03-07 10:01:30'),
(957, 41, 3, 500, '2025-03-07 10:01:32'),
(958, 41, 1, 525, '2025-03-07 10:01:34'),
(959, 41, 6, 550, '2025-03-07 10:01:36'),
(960, 41, 3, 575, '2025-03-07 10:01:36'),
(961, 41, 1, 600, '2025-03-07 10:01:38'),
(962, 41, 6, 625, '2025-03-07 10:01:39'),
(963, 41, 1, 650, '2025-03-07 10:01:43'),
(964, 41, 3, 650, '2025-03-07 10:01:43'),
(965, 41, 1, 675, '2025-03-07 10:01:45'),
(966, 41, 6, 675, '2025-03-07 10:01:45'),
(967, 41, 3, 700, '2025-03-07 10:01:47'),
(968, 41, 6, 700, '2025-03-07 10:01:48'),
(969, 41, 1, 725, '2025-03-07 10:01:48'),
(970, 41, 6, 750, '2025-03-07 10:01:50'),
(971, 41, 3, 750, '2025-03-07 10:01:52'),
(972, 41, 4, 775, '2025-03-07 10:01:52'),
(973, 41, 1, 775, '2025-03-07 10:01:52'),
(974, 41, 6, 800, '2025-03-07 10:01:54'),
(975, 41, 1, 825, '2025-03-07 10:01:56'),
(976, 41, 6, 850, '2025-03-07 10:01:58'),
(977, 41, 3, 825, '2025-03-07 10:01:58'),
(978, 41, 1, 875, '2025-03-07 10:02:01'),
(979, 41, 3, 900, '2025-03-07 10:02:04'),
(980, 41, 6, 900, '2025-03-07 10:02:04'),
(981, 41, 1, 925, '2025-03-07 10:02:05'),
(982, 41, 4, 925, '2025-03-07 10:02:06'),
(983, 41, 1, 950, '2025-03-07 10:02:09'),
(984, 41, 4, 975, '2025-03-07 10:02:13'),
(985, 41, 1, 1000, '2025-03-07 10:02:16'),
(986, 41, 6, 1000, '2025-03-07 10:02:16'),
(987, 41, 4, 1025, '2025-03-07 10:02:21'),
(988, 41, 1, 1050, '2025-03-07 10:02:24'),
(989, 41, 4, 1075, '2025-03-07 10:02:25'),
(990, 41, 6, 1100, '2025-03-07 10:02:27'),
(991, 41, 1, 1100, '2025-03-07 10:02:28'),
(992, 41, 6, 1125, '2025-03-07 10:02:32'),
(993, 41, 1, 1150, '2025-03-07 10:02:34'),
(994, 41, 4, 1175, '2025-03-07 10:02:36'),
(995, 41, 6, 1200, '2025-03-07 10:02:37'),
(996, 41, 4, 1225, '2025-03-07 10:02:39'),
(997, 41, 6, 1250, '2025-03-07 10:02:43'),
(998, 41, 4, 1250, '2025-03-07 10:02:43'),
(999, 41, 6, 1275, '2025-03-07 10:02:50'),
(1000, 41, 8, 1300, '2025-03-07 10:02:52'),
(1001, 41, 4, 1300, '2025-03-07 10:02:52'),
(1002, 41, 3, 1300, '2025-03-07 10:02:53'),
(1003, 41, 6, 1325, '2025-03-07 10:02:53'),
(1004, 41, 4, 1350, '2025-03-07 10:02:56'),
(1005, 41, 6, 1375, '2025-03-07 10:02:57'),
(1006, 41, 6, 1400, '2025-03-07 10:03:02'),
(1007, 41, 4, 1400, '2025-03-07 10:03:03'),
(1008, 41, 6, 1425, '2025-03-07 10:03:06'),
(1009, 41, 4, 1450, '2025-03-07 10:03:13'),
(1010, 41, 6, 1475, '2025-03-07 10:03:14'),
(1011, 41, 4, 1500, '2025-03-07 10:03:19'),
(1012, 41, 6, 1500, '2025-03-07 10:03:19'),
(1013, 41, 6, 1525, '2025-03-07 10:03:22'),
(1014, 41, 4, 1525, '2025-03-07 10:03:24'),
(1015, 41, 6, 1550, '2025-03-07 10:03:27'),
(1016, 41, 1, 1575, '2025-03-07 10:03:29'),
(1017, 41, 6, 1600, '2025-03-07 10:03:33'),
(1018, 41, 4, 1625, '2025-03-07 10:03:36'),
(1019, 41, 6, 1625, '2025-03-07 10:03:36'),
(1020, 41, 1, 1650, '2025-03-07 10:03:38'),
(1021, 41, 6, 1650, '2025-03-07 10:03:40'),
(1022, 41, 8, 1675, '2025-03-07 10:03:45'),
(1023, 41, 6, 1675, '2025-03-07 10:03:45'),
(1024, 41, 6, 1700, '2025-03-07 10:03:51'),
(1025, 41, 8, 1725, '2025-03-07 10:04:00'),
(1026, 42, 3, 220, '2025-03-07 10:04:04'),
(1027, 42, 6, 240, '2025-03-07 10:05:37'),
(1028, 42, 3, 260, '2025-03-07 10:05:47'),
(1029, 42, 4, 280, '2025-03-07 10:06:24'),
(1030, 42, 3, 300, '2025-03-07 10:06:31'),
(1031, 41, 6, 1750, '2025-03-07 10:07:34'),
(1032, 41, 1, 1775, '2025-03-07 10:08:47'),
(1033, 41, 6, 1800, '2025-03-07 10:09:05'),
(1034, 42, 8, 320, '2025-03-07 10:09:30'),
(1035, 42, 1, 340, '2025-03-07 10:09:31'),
(1036, 42, 3, 340, '2025-03-07 10:09:32'),
(1037, 42, 8, 360, '2025-03-07 10:09:33'),
(1038, 42, 1, 360, '2025-03-07 10:09:34'),
(1039, 42, 8, 380, '2025-03-07 10:09:37'),
(1040, 42, 3, 400, '2025-03-07 10:09:38'),
(1041, 42, 1, 420, '2025-03-07 10:09:40'),
(1042, 42, 3, 440, '2025-03-07 10:09:43'),
(1043, 42, 3, 460, '2025-03-07 10:09:46'),
(1044, 42, 1, 480, '2025-03-07 10:09:51'),
(1045, 42, 8, 480, '2025-03-07 10:09:52'),
(1046, 42, 3, 500, '2025-03-07 10:09:54'),
(1047, 42, 6, 500, '2025-03-07 10:09:55'),
(1048, 42, 6, 525, '2025-03-07 10:09:59'),
(1049, 42, 1, 525, '2025-03-07 10:09:59'),
(1050, 42, 3, 550, '2025-03-07 10:10:00'),
(1051, 42, 1, 575, '2025-03-07 10:10:04'),
(1052, 42, 3, 600, '2025-03-07 10:10:06'),
(1053, 42, 1, 625, '2025-03-07 10:10:13'),
(1054, 42, 3, 650, '2025-03-07 10:10:14'),
(1055, 42, 6, 650, '2025-03-07 10:10:15'),
(1056, 42, 1, 675, '2025-03-07 10:10:18'),
(1057, 42, 3, 700, '2025-03-07 10:10:19'),
(1058, 42, 6, 700, '2025-03-07 10:10:19'),
(1059, 42, 1, 725, '2025-03-07 10:10:21'),
(1060, 42, 3, 750, '2025-03-07 10:10:23'),
(1061, 42, 6, 775, '2025-03-07 10:10:37'),
(1062, 42, 8, 775, '2025-03-07 10:10:37'),
(1063, 42, 1, 775, '2025-03-07 10:10:38'),
(1064, 42, 3, 800, '2025-03-07 10:10:39'),
(1065, 42, 6, 825, '2025-03-07 10:10:43'),
(1066, 42, 1, 825, '2025-03-07 10:10:43'),
(1067, 42, 6, 850, '2025-03-07 10:10:45'),
(1068, 42, 3, 850, '2025-03-07 10:10:46'),
(1069, 42, 6, 875, '2025-03-07 10:10:48'),
(1070, 42, 1, 875, '2025-03-07 10:10:49'),
(1071, 42, 3, 900, '2025-03-07 10:10:51'),
(1072, 42, 6, 900, '2025-03-07 10:10:52'),
(1073, 42, 1, 925, '2025-03-07 10:10:54'),
(1074, 42, 6, 925, '2025-03-07 10:10:54'),
(1075, 42, 3, 950, '2025-03-07 10:10:56'),
(1076, 42, 6, 950, '2025-03-07 10:10:57'),
(1077, 42, 1, 975, '2025-03-07 10:10:58'),
(1078, 42, 6, 975, '2025-03-07 10:10:59'),
(1079, 42, 6, 1000, '2025-03-07 10:11:01'),
(1080, 42, 3, 1000, '2025-03-07 10:11:01'),
(1081, 42, 6, 1025, '2025-03-07 10:11:05'),
(1082, 42, 3, 1050, '2025-03-07 10:11:06'),
(1083, 42, 3, 1075, '2025-03-07 10:11:14'),
(1084, 42, 1, 1100, '2025-03-07 10:11:17'),
(1085, 42, 6, 1125, '2025-03-07 10:11:21'),
(1086, 42, 1, 1150, '2025-03-07 10:11:23'),
(1087, 42, 3, 1150, '2025-03-07 10:11:24'),
(1088, 42, 3, 1175, '2025-03-07 10:11:27'),
(1089, 42, 1, 1175, '2025-03-07 10:11:28'),
(1090, 42, 6, 1175, '2025-03-07 10:11:28'),
(1091, 42, 3, 1200, '2025-03-07 10:11:31'),
(1092, 42, 6, 1225, '2025-03-07 10:11:33'),
(1093, 42, 3, 1250, '2025-03-07 10:11:34'),
(1094, 42, 1, 1275, '2025-03-07 10:11:36'),
(1095, 42, 3, 1275, '2025-03-07 10:11:36'),
(1096, 42, 6, 1300, '2025-03-07 10:11:38'),
(1097, 42, 3, 1325, '2025-03-07 10:11:39'),
(1098, 42, 1, 1325, '2025-03-07 10:11:40'),
(1099, 42, 6, 1350, '2025-03-07 10:11:42'),
(1100, 42, 3, 1350, '2025-03-07 10:11:43'),
(1101, 42, 6, 1375, '2025-03-07 10:11:46'),
(1102, 42, 1, 1400, '2025-03-07 10:11:49'),
(1103, 42, 3, 1400, '2025-03-07 10:11:49'),
(1104, 42, 6, 1400, '2025-03-07 10:11:51'),
(1105, 42, 1, 1425, '2025-03-07 10:11:53'),
(1106, 42, 3, 1450, '2025-03-07 10:11:58'),
(1107, 42, 6, 1475, '2025-03-07 10:12:01'),
(1108, 42, 3, 1500, '2025-03-07 10:12:10'),
(1109, 42, 1, 1500, '2025-03-07 10:12:11'),
(1110, 42, 8, 1525, '2025-03-07 10:12:12'),
(1111, 42, 6, 1525, '2025-03-07 10:12:14'),
(1112, 42, 1, 1550, '2025-03-07 10:12:17'),
(1113, 42, 3, 1575, '2025-03-07 10:12:19'),
(1114, 42, 6, 1600, '2025-03-07 10:12:24'),
(1115, 42, 1, 1625, '2025-03-07 10:12:27'),
(1116, 42, 6, 1625, '2025-03-07 10:12:28'),
(1117, 42, 1, 1650, '2025-03-07 10:12:30'),
(1118, 42, 6, 1675, '2025-03-07 10:12:35'),
(1119, 42, 1, 1700, '2025-03-07 10:12:38'),
(1120, 42, 6, 1725, '2025-03-07 10:12:41'),
(1121, 42, 1, 1750, '2025-03-07 10:12:43'),
(1122, 42, 6, 1775, '2025-03-07 10:12:52'),
(1123, 42, 1, 1800, '2025-03-07 10:12:54'),
(1124, 42, 8, 1775, '2025-03-07 10:12:54'),
(1125, 42, 6, 1825, '2025-03-07 10:12:59'),
(1126, 42, 1, 1850, '2025-03-07 10:13:03'),
(1127, 42, 6, 1875, '2025-03-07 10:13:04'),
(1128, 42, 1, 1900, '2025-03-07 10:13:08'),
(1129, 42, 6, 1925, '2025-03-07 10:13:15'),
(1130, 42, 6, 1950, '2025-03-07 10:13:23'),
(1131, 42, 1, 1975, '2025-03-07 10:13:25'),
(1132, 42, 6, 2000, '2025-03-07 10:13:30'),
(1133, 42, 1, 2025, '2025-03-07 10:13:35'),
(1134, 42, 8, 2050, '2025-03-07 10:13:44'),
(1135, 42, 1, 2075, '2025-03-07 10:13:52'),
(1136, 42, 8, 2100, '2025-03-07 10:14:04'),
(1137, 42, 1, 2125, '2025-03-07 10:14:14'),
(1138, 43, 3, 1625, '2025-03-07 10:14:42'),
(1139, 43, 8, 1650, '2025-03-07 10:14:48'),
(1140, 43, 2, 1675, '2025-03-07 10:15:44'),
(1141, 44, 3, 1625, '2025-03-07 10:16:16'),
(1142, 44, 6, 1625, '2025-03-07 10:16:17'),
(1143, 44, 3, 1650, '2025-03-07 10:16:19'),
(1144, 44, 7, 1675, '2025-03-07 10:16:20'),
(1145, 44, 3, 1700, '2025-03-07 10:16:23'),
(1146, 44, 7, 1725, '2025-03-07 10:16:24'),
(1147, 44, 3, 1750, '2025-03-07 10:16:25'),
(1148, 44, 7, 1775, '2025-03-07 10:16:27'),
(1149, 44, 6, 1800, '2025-03-07 10:16:28'),
(1150, 44, 3, 1825, '2025-03-07 10:16:29'),
(1151, 44, 6, 1850, '2025-03-07 10:16:30'),
(1152, 44, 3, 1875, '2025-03-07 10:16:34'),
(1153, 44, 6, 1900, '2025-03-07 10:16:39'),
(1154, 44, 6, 1925, '2025-03-07 10:16:47'),
(1155, 44, 8, 1950, '2025-03-07 10:16:58'),
(1156, 44, 6, 1975, '2025-03-07 10:16:59'),
(1157, 44, 6, 2000, '2025-03-07 10:17:11'),
(1158, 44, 8, 2025, '2025-03-07 10:17:12'),
(1159, 45, 1, 1525, '2025-03-07 10:18:43'),
(1160, 46, 3, 1525, '2025-03-07 10:19:15'),
(1161, 47, 7, 1225, '2025-03-07 10:20:16'),
(1162, 47, 4, 1250, '2025-03-07 10:20:34'),
(1163, 47, 7, 1275, '2025-03-07 10:20:36'),
(1164, 47, 4, 1300, '2025-03-07 10:20:40'),
(1165, 47, 7, 1325, '2025-03-07 10:20:42'),
(1166, 47, 6, 1350, '2025-03-07 10:20:48'),
(1167, 47, 4, 1350, '2025-03-07 10:20:49'),
(1168, 47, 7, 1375, '2025-03-07 10:20:54'),
(1169, 47, 4, 1400, '2025-03-07 10:20:57'),
(1170, 47, 6, 1425, '2025-03-07 10:20:57'),
(1171, 47, 4, 1450, '2025-03-07 10:21:01'),
(1172, 47, 7, 1450, '2025-03-07 10:21:02'),
(1173, 47, 6, 1475, '2025-03-07 10:21:04'),
(1174, 47, 4, 1500, '2025-03-07 10:21:07'),
(1175, 47, 7, 1525, '2025-03-07 10:21:11'),
(1176, 47, 4, 1550, '2025-03-07 10:21:19'),
(1177, 47, 6, 1575, '2025-03-07 10:21:21'),
(1178, 47, 4, 1600, '2025-03-07 10:21:26'),
(1179, 47, 7, 1625, '2025-03-07 10:21:27'),
(1180, 47, 4, 1650, '2025-03-07 10:21:32'),
(1181, 47, 7, 1675, '2025-03-07 10:21:34'),
(1182, 47, 4, 1700, '2025-03-07 10:21:48'),
(1183, 47, 7, 1725, '2025-03-07 10:21:59'),
(1184, 47, 4, 1750, '2025-03-07 10:22:17'),
(1185, 49, 5, 625, '2025-03-07 10:23:10'),
(1186, 49, 6, 650, '2025-03-07 10:23:15'),
(1187, 49, 5, 675, '2025-03-07 10:23:17'),
(1188, 49, 6, 700, '2025-03-07 10:23:20'),
(1189, 49, 1, 725, '2025-03-07 10:23:22'),
(1190, 49, 6, 750, '2025-03-07 10:23:22'),
(1191, 49, 5, 750, '2025-03-07 10:23:24'),
(1192, 49, 6, 775, '2025-03-07 10:23:25'),
(1193, 49, 1, 800, '2025-03-07 10:23:26'),
(1194, 49, 6, 800, '2025-03-07 10:23:27'),
(1195, 49, 6, 825, '2025-03-07 10:23:29'),
(1196, 49, 6, 850, '2025-03-07 10:23:31'),
(1197, 49, 7, 875, '2025-03-07 10:23:35'),
(1198, 49, 6, 900, '2025-03-07 10:23:37'),
(1199, 49, 7, 925, '2025-03-07 10:23:38'),
(1200, 49, 6, 950, '2025-03-07 10:23:44'),
(1201, 49, 1, 975, '2025-03-07 10:23:46'),
(1202, 49, 7, 975, '2025-03-07 10:23:46'),
(1203, 49, 6, 1000, '2025-03-07 10:23:47'),
(1204, 49, 5, 1025, '2025-03-07 10:23:48'),
(1205, 49, 7, 1050, '2025-03-07 10:23:49'),
(1206, 49, 6, 1050, '2025-03-07 10:23:49'),
(1207, 49, 1, 1075, '2025-03-07 10:23:50'),
(1208, 49, 7, 1075, '2025-03-07 10:23:52'),
(1209, 49, 6, 1100, '2025-03-07 10:23:54'),
(1210, 49, 5, 1100, '2025-03-07 10:23:54'),
(1211, 49, 7, 1125, '2025-03-07 10:23:55'),
(1212, 49, 1, 1150, '2025-03-07 10:23:56'),
(1213, 49, 6, 1150, '2025-03-07 10:23:57'),
(1214, 49, 7, 1175, '2025-03-07 10:23:59'),
(1215, 49, 6, 1200, '2025-03-07 10:23:59'),
(1216, 49, 1, 1225, '2025-03-07 10:24:01'),
(1217, 49, 6, 1250, '2025-03-07 10:24:03'),
(1218, 49, 7, 1250, '2025-03-07 10:24:04'),
(1219, 49, 5, 1275, '2025-03-07 10:24:07'),
(1220, 49, 6, 1275, '2025-03-07 10:24:09'),
(1221, 49, 7, 1300, '2025-03-07 10:24:10'),
(1222, 49, 1, 1325, '2025-03-07 10:24:13'),
(1223, 49, 5, 1325, '2025-03-07 10:24:14'),
(1224, 49, 7, 1350, '2025-03-07 10:24:16'),
(1225, 49, 6, 1350, '2025-03-07 10:24:16'),
(1226, 49, 1, 1375, '2025-03-07 10:24:18'),
(1227, 49, 5, 1375, '2025-03-07 10:24:18'),
(1228, 49, 1, 1400, '2025-03-07 10:24:21'),
(1229, 49, 6, 1425, '2025-03-07 10:24:22'),
(1230, 49, 5, 1425, '2025-03-07 10:24:24'),
(1231, 49, 7, 1450, '2025-03-07 10:24:24'),
(1232, 49, 1, 1475, '2025-03-07 10:24:26'),
(1233, 49, 7, 1500, '2025-03-07 10:24:27'),
(1234, 49, 5, 1500, '2025-03-07 10:24:28'),
(1235, 49, 7, 1525, '2025-03-07 10:24:30'),
(1236, 49, 5, 1525, '2025-03-07 10:24:30'),
(1237, 49, 6, 1550, '2025-03-07 10:24:31'),
(1238, 49, 7, 1575, '2025-03-07 10:24:32'),
(1239, 49, 6, 1600, '2025-03-07 10:24:34'),
(1240, 49, 6, 1625, '2025-03-07 10:24:35');
INSERT INTO `bidding` (`bidd_id`, `player_id`, `team_id`, `player_price`, `time`) VALUES
(1241, 49, 7, 1625, '2025-03-07 10:24:36'),
(1242, 49, 8, 1625, '2025-03-07 10:24:37'),
(1243, 49, 6, 1650, '2025-03-07 10:24:37'),
(1244, 49, 7, 1650, '2025-03-07 10:24:38'),
(1245, 49, 5, 1650, '2025-03-07 10:24:38'),
(1246, 49, 6, 1675, '2025-03-07 10:24:39'),
(1247, 49, 7, 1675, '2025-03-07 10:24:40'),
(1248, 49, 5, 1700, '2025-03-07 10:24:42'),
(1249, 49, 6, 1725, '2025-03-07 10:24:43'),
(1250, 49, 7, 1750, '2025-03-07 10:24:44'),
(1251, 49, 6, 1775, '2025-03-07 10:24:47'),
(1252, 49, 5, 1800, '2025-03-07 10:24:47'),
(1253, 49, 7, 1800, '2025-03-07 10:24:48'),
(1254, 49, 6, 1825, '2025-03-07 10:24:50'),
(1255, 49, 7, 1850, '2025-03-07 10:24:52'),
(1256, 49, 6, 1875, '2025-03-07 10:24:54'),
(1257, 49, 5, 1900, '2025-03-07 10:24:56'),
(1258, 49, 7, 1900, '2025-03-07 10:24:57'),
(1259, 49, 4, 1925, '2025-03-07 10:24:58'),
(1260, 49, 6, 1925, '2025-03-07 10:24:58'),
(1261, 49, 7, 1950, '2025-03-07 10:25:00'),
(1262, 49, 5, 1950, '2025-03-07 10:25:00'),
(1263, 49, 6, 1975, '2025-03-07 10:25:03'),
(1264, 49, 7, 2000, '2025-03-07 10:25:05'),
(1265, 49, 5, 2000, '2025-03-07 10:25:05'),
(1266, 49, 4, 2025, '2025-03-07 10:25:07'),
(1267, 49, 6, 2050, '2025-03-07 10:25:08'),
(1268, 49, 5, 2075, '2025-03-07 10:25:09'),
(1269, 49, 7, 2075, '2025-03-07 10:25:09'),
(1270, 49, 6, 2100, '2025-03-07 10:25:12'),
(1271, 49, 7, 2125, '2025-03-07 10:25:15'),
(1272, 49, 5, 2125, '2025-03-07 10:25:15'),
(1273, 49, 6, 2150, '2025-03-07 10:25:16'),
(1274, 49, 5, 2175, '2025-03-07 10:25:19'),
(1275, 49, 7, 2175, '2025-03-07 10:25:20'),
(1276, 49, 6, 2200, '2025-03-07 10:25:20'),
(1277, 49, 7, 2225, '2025-03-07 10:25:23'),
(1278, 49, 5, 2225, '2025-03-07 10:25:23'),
(1279, 49, 8, 2225, '2025-03-07 10:25:24'),
(1280, 49, 6, 2250, '2025-03-07 10:25:25'),
(1281, 49, 5, 2275, '2025-03-07 10:25:27'),
(1282, 49, 7, 2275, '2025-03-07 10:25:28'),
(1283, 49, 6, 2300, '2025-03-07 10:25:29'),
(1284, 49, 5, 2325, '2025-03-07 10:25:32'),
(1285, 49, 7, 2350, '2025-03-07 10:25:33'),
(1286, 49, 6, 2375, '2025-03-07 10:25:36'),
(1287, 49, 5, 2375, '2025-03-07 10:25:36'),
(1288, 49, 6, 2400, '2025-03-07 10:25:40'),
(1289, 49, 7, 2400, '2025-03-07 10:25:40'),
(1290, 49, 5, 2425, '2025-03-07 10:25:42'),
(1291, 49, 6, 2450, '2025-03-07 10:25:43'),
(1292, 49, 7, 2475, '2025-03-07 10:25:44'),
(1293, 49, 5, 2500, '2025-03-07 10:25:45'),
(1294, 49, 6, 2500, '2025-03-07 10:25:46'),
(1295, 49, 7, 2525, '2025-03-07 10:25:49'),
(1296, 49, 5, 2525, '2025-03-07 10:25:50'),
(1297, 49, 6, 2550, '2025-03-07 10:25:52'),
(1298, 49, 7, 2575, '2025-03-07 10:25:53'),
(1299, 49, 5, 2600, '2025-03-07 10:25:55'),
(1300, 49, 6, 2625, '2025-03-07 10:25:55'),
(1301, 49, 7, 2625, '2025-03-07 10:25:57'),
(1302, 49, 5, 2650, '2025-03-07 10:26:01'),
(1303, 49, 7, 2675, '2025-03-07 10:26:03'),
(1304, 49, 5, 2700, '2025-03-07 10:26:07'),
(1305, 49, 7, 2725, '2025-03-07 10:26:10'),
(1306, 49, 5, 2750, '2025-03-07 10:26:13'),
(1307, 49, 7, 2775, '2025-03-07 10:26:15'),
(1308, 49, 6, 2750, '2025-03-07 10:26:15'),
(1309, 49, 7, 2800, '2025-03-07 10:26:19'),
(1310, 49, 5, 2825, '2025-03-07 10:26:21'),
(1311, 49, 7, 2850, '2025-03-07 10:26:23'),
(1312, 49, 5, 2875, '2025-03-07 10:26:31'),
(1313, 49, 7, 2900, '2025-03-07 10:26:35'),
(1314, 49, 5, 2925, '2025-03-07 10:26:39'),
(1315, 49, 7, 2950, '2025-03-07 10:26:45'),
(1316, 49, 5, 2975, '2025-03-07 10:26:47'),
(1317, 49, 7, 3000, '2025-03-07 10:26:49'),
(1318, 49, 5, 3025, '2025-03-07 10:26:58'),
(1319, 49, 7, 3050, '2025-03-07 10:27:09'),
(1320, 50, 6, 400, '2025-03-07 10:27:29'),
(1321, 50, 8, 420, '2025-03-07 10:27:30'),
(1322, 50, 6, 420, '2025-03-07 10:27:30'),
(1323, 50, 6, 420, '2025-03-07 10:27:30'),
(1324, 50, 6, 420, '2025-03-07 10:27:30'),
(1325, 50, 6, 420, '2025-03-07 10:27:31'),
(1326, 50, 6, 420, '2025-03-07 10:27:31'),
(1327, 50, 6, 420, '2025-03-07 10:27:31'),
(1328, 50, 8, 440, '2025-03-07 10:27:34'),
(1329, 50, 3, 440, '2025-03-07 10:27:35'),
(1330, 50, 8, 460, '2025-03-07 10:27:37'),
(1331, 50, 6, 480, '2025-03-07 10:27:39'),
(1332, 50, 8, 480, '2025-03-07 10:27:39'),
(1333, 50, 3, 500, '2025-03-07 10:27:42'),
(1334, 50, 6, 500, '2025-03-07 10:27:43'),
(1335, 50, 8, 525, '2025-03-07 10:27:45'),
(1336, 50, 1, 525, '2025-03-07 10:27:46'),
(1337, 50, 3, 550, '2025-03-07 10:27:47'),
(1338, 50, 1, 575, '2025-03-07 10:27:49'),
(1339, 50, 6, 600, '2025-03-07 10:27:50'),
(1340, 50, 3, 625, '2025-03-07 10:27:52'),
(1341, 50, 1, 650, '2025-03-07 10:27:54'),
(1342, 50, 6, 675, '2025-03-07 10:27:58'),
(1343, 50, 3, 675, '2025-03-07 10:27:59'),
(1344, 50, 1, 700, '2025-03-07 10:28:00'),
(1345, 50, 6, 725, '2025-03-07 10:28:01'),
(1346, 50, 3, 750, '2025-03-07 10:28:03'),
(1347, 50, 1, 750, '2025-03-07 10:28:04'),
(1348, 50, 5, 775, '2025-03-07 10:28:09'),
(1349, 50, 3, 800, '2025-03-07 10:28:14'),
(1350, 50, 1, 800, '2025-03-07 10:28:14'),
(1351, 50, 6, 825, '2025-03-07 10:28:15'),
(1352, 50, 5, 825, '2025-03-07 10:28:16'),
(1353, 50, 8, 825, '2025-03-07 10:28:16'),
(1354, 50, 3, 850, '2025-03-07 10:28:18'),
(1355, 50, 5, 875, '2025-03-07 10:28:20'),
(1356, 50, 1, 875, '2025-03-07 10:28:20'),
(1357, 50, 6, 900, '2025-03-07 10:28:22'),
(1358, 50, 5, 925, '2025-03-07 10:28:24'),
(1359, 50, 6, 950, '2025-03-07 10:28:25'),
(1360, 50, 1, 950, '2025-03-07 10:28:26'),
(1361, 50, 6, 975, '2025-03-07 10:28:28'),
(1362, 50, 5, 1000, '2025-03-07 10:28:30'),
(1363, 50, 8, 1025, '2025-03-07 10:28:37'),
(1364, 50, 6, 1050, '2025-03-07 10:28:38'),
(1365, 50, 1, 1050, '2025-03-07 10:28:38'),
(1366, 50, 5, 1050, '2025-03-07 10:28:39'),
(1367, 50, 6, 1050, '2025-03-07 10:28:39'),
(1368, 50, 5, 1075, '2025-03-07 10:28:43'),
(1369, 50, 6, 1075, '2025-03-07 10:28:44'),
(1370, 50, 5, 1100, '2025-03-07 10:28:47'),
(1371, 50, 8, 1125, '2025-03-07 10:28:50'),
(1372, 50, 6, 1125, '2025-03-07 10:28:52'),
(1373, 50, 5, 1150, '2025-03-07 10:28:53'),
(1374, 50, 5, 1175, '2025-03-07 10:28:58'),
(1375, 50, 6, 1200, '2025-03-07 10:28:59'),
(1376, 50, 8, 1225, '2025-03-07 10:29:01'),
(1377, 50, 5, 1250, '2025-03-07 10:29:03'),
(1378, 50, 6, 1275, '2025-03-07 10:29:05'),
(1379, 50, 5, 1300, '2025-03-07 10:29:07'),
(1380, 50, 6, 1325, '2025-03-07 10:29:10'),
(1381, 50, 5, 1350, '2025-03-07 10:29:14'),
(1382, 50, 6, 1375, '2025-03-07 10:29:19'),
(1383, 50, 5, 1400, '2025-03-07 10:29:21'),
(1384, 50, 6, 1425, '2025-03-07 10:29:28'),
(1385, 50, 5, 1450, '2025-03-07 10:29:31'),
(1386, 50, 6, 1475, '2025-03-07 10:29:41'),
(1387, 50, 5, 1500, '2025-03-07 10:29:48'),
(1388, 50, 6, 1525, '2025-03-07 10:29:52'),
(1389, 50, 5, 1550, '2025-03-07 10:29:58'),
(1390, 51, 3, 220, '2025-03-07 10:30:40'),
(1391, 51, 8, 240, '2025-03-07 10:30:55'),
(1392, 52, 3, 220, '2025-03-07 10:31:12'),
(1393, 52, 8, 240, '2025-03-07 10:31:14'),
(1394, 52, 3, 260, '2025-03-07 10:31:16'),
(1395, 52, 8, 280, '2025-03-07 10:31:18'),
(1396, 52, 5, 280, '2025-03-07 10:31:18'),
(1397, 52, 3, 300, '2025-03-07 10:31:20'),
(1398, 52, 8, 320, '2025-03-07 10:31:24'),
(1399, 52, 6, 320, '2025-03-07 10:31:24'),
(1400, 52, 8, 320, '2025-03-07 10:31:25'),
(1401, 52, 8, 320, '2025-03-07 10:31:25'),
(1402, 52, 8, 320, '2025-03-07 10:31:25'),
(1403, 52, 8, 340, '2025-03-07 10:31:26'),
(1404, 52, 3, 340, '2025-03-07 10:31:26'),
(1405, 52, 8, 340, '2025-03-07 10:31:26'),
(1406, 52, 5, 340, '2025-03-07 10:31:26'),
(1407, 52, 2, 360, '2025-03-07 10:31:27'),
(1408, 52, 1, 360, '2025-03-07 10:31:28'),
(1409, 52, 6, 380, '2025-03-07 10:31:31'),
(1410, 52, 5, 380, '2025-03-07 10:31:31'),
(1411, 52, 8, 400, '2025-03-07 10:31:32'),
(1412, 52, 8, 400, '2025-03-07 10:31:32'),
(1413, 52, 8, 400, '2025-03-07 10:31:32'),
(1414, 52, 8, 400, '2025-03-07 10:31:32'),
(1415, 52, 8, 400, '2025-03-07 10:31:32'),
(1416, 52, 2, 420, '2025-03-07 10:31:33'),
(1417, 52, 6, 420, '2025-03-07 10:31:34'),
(1418, 52, 1, 420, '2025-03-07 10:31:34'),
(1419, 52, 6, 440, '2025-03-07 10:31:36'),
(1420, 52, 5, 440, '2025-03-07 10:31:37'),
(1421, 52, 8, 440, '2025-03-07 10:31:38'),
(1422, 52, 8, 460, '2025-03-07 10:31:38'),
(1423, 52, 8, 460, '2025-03-07 10:31:38'),
(1424, 52, 8, 460, '2025-03-07 10:31:38'),
(1425, 52, 2, 480, '2025-03-07 10:31:40'),
(1426, 52, 6, 480, '2025-03-07 10:31:40'),
(1427, 52, 5, 500, '2025-03-07 10:31:40'),
(1428, 52, 6, 525, '2025-03-07 10:31:44'),
(1429, 52, 5, 550, '2025-03-07 10:31:45'),
(1430, 52, 8, 575, '2025-03-07 10:31:48'),
(1431, 52, 8, 600, '2025-03-07 10:31:49'),
(1432, 52, 8, 600, '2025-03-07 10:31:49'),
(1433, 52, 6, 625, '2025-03-07 10:31:50'),
(1434, 52, 5, 600, '2025-03-07 10:31:50'),
(1435, 52, 8, 600, '2025-03-07 10:31:50'),
(1436, 52, 8, 650, '2025-03-07 10:31:52'),
(1437, 52, 5, 675, '2025-03-07 10:31:53'),
(1438, 52, 6, 700, '2025-03-07 10:31:59'),
(1439, 52, 5, 725, '2025-03-07 10:32:00'),
(1440, 52, 4, 700, '2025-03-07 10:32:00'),
(1441, 52, 5, 750, '2025-03-07 10:32:03'),
(1442, 52, 4, 775, '2025-03-07 10:32:08'),
(1443, 52, 1, 775, '2025-03-07 10:32:09'),
(1444, 52, 5, 800, '2025-03-07 10:32:10'),
(1445, 52, 6, 800, '2025-03-07 10:32:11'),
(1446, 52, 4, 825, '2025-03-07 10:32:19'),
(1447, 52, 5, 850, '2025-03-07 10:32:20'),
(1448, 52, 6, 875, '2025-03-07 10:32:21'),
(1449, 52, 5, 900, '2025-03-07 10:32:24'),
(1450, 52, 6, 925, '2025-03-07 10:32:31'),
(1451, 52, 4, 925, '2025-03-07 10:32:31'),
(1452, 52, 1, 925, '2025-03-07 10:32:31'),
(1453, 52, 8, 925, '2025-03-07 10:32:31'),
(1454, 52, 6, 950, '2025-03-07 10:32:33'),
(1455, 52, 5, 950, '2025-03-07 10:32:33'),
(1456, 52, 6, 975, '2025-03-07 10:32:38'),
(1457, 52, 4, 975, '2025-03-07 10:32:39'),
(1458, 52, 8, 1000, '2025-03-07 10:32:39'),
(1459, 52, 5, 1000, '2025-03-07 10:32:40'),
(1460, 52, 6, 1000, '2025-03-07 10:32:40'),
(1461, 52, 4, 1025, '2025-03-07 10:32:48'),
(1462, 52, 6, 1050, '2025-03-07 10:32:50'),
(1463, 53, 3, 220, '2025-03-07 10:33:04'),
(1464, 53, 2, 240, '2025-03-07 10:33:07'),
(1465, 53, 3, 260, '2025-03-07 10:33:10'),
(1466, 53, 2, 280, '2025-03-07 10:33:12'),
(1467, 53, 3, 300, '2025-03-07 10:33:14'),
(1468, 53, 5, 320, '2025-03-07 10:33:16'),
(1469, 53, 2, 340, '2025-03-07 10:33:20'),
(1470, 53, 5, 340, '2025-03-07 10:33:21'),
(1471, 53, 1, 360, '2025-03-07 10:33:23'),
(1472, 53, 5, 380, '2025-03-07 10:33:27'),
(1473, 53, 2, 380, '2025-03-07 10:33:27'),
(1474, 53, 3, 400, '2025-03-07 10:33:31'),
(1475, 53, 5, 420, '2025-03-07 10:33:32'),
(1476, 53, 2, 440, '2025-03-07 10:33:35'),
(1477, 53, 5, 460, '2025-03-07 10:33:38'),
(1478, 53, 3, 480, '2025-03-07 10:33:41'),
(1479, 53, 2, 500, '2025-03-07 10:33:42'),
(1480, 53, 4, 500, '2025-03-07 10:33:43'),
(1481, 53, 5, 525, '2025-03-07 10:33:44'),
(1482, 53, 4, 550, '2025-03-07 10:33:49'),
(1483, 53, 3, 575, '2025-03-07 10:33:51'),
(1484, 53, 5, 575, '2025-03-07 10:33:52'),
(1485, 53, 4, 600, '2025-03-07 10:33:55'),
(1486, 53, 5, 625, '2025-03-07 10:33:57'),
(1487, 53, 5, 650, '2025-03-07 10:33:58'),
(1488, 53, 3, 675, '2025-03-07 10:33:59'),
(1489, 53, 4, 675, '2025-03-07 10:34:00'),
(1490, 53, 2, 700, '2025-03-07 10:34:03'),
(1491, 53, 5, 700, '2025-03-07 10:34:03'),
(1492, 53, 5, 725, '2025-03-07 10:34:04'),
(1493, 53, 3, 750, '2025-03-07 10:34:08'),
(1494, 53, 2, 775, '2025-03-07 10:34:10'),
(1495, 53, 4, 800, '2025-03-07 10:34:12'),
(1496, 53, 5, 825, '2025-03-07 10:34:15'),
(1497, 53, 2, 850, '2025-03-07 10:34:20'),
(1498, 53, 5, 875, '2025-03-07 10:34:23'),
(1499, 54, 2, 220, '2025-03-07 10:34:53'),
(1500, 54, 3, 240, '2025-03-07 10:34:59'),
(1501, 54, 4, 240, '2025-03-07 10:35:00'),
(1502, 54, 2, 260, '2025-03-07 10:35:03'),
(1503, 54, 3, 280, '2025-03-07 10:35:07'),
(1504, 54, 4, 280, '2025-03-07 10:35:07'),
(1505, 54, 2, 300, '2025-03-07 10:35:09'),
(1506, 54, 4, 320, '2025-03-07 10:35:12'),
(1507, 54, 2, 340, '2025-03-07 10:35:15'),
(1508, 54, 4, 360, '2025-03-07 10:35:19'),
(1509, 54, 6, 380, '2025-03-07 10:35:21'),
(1510, 54, 2, 380, '2025-03-07 10:35:22'),
(1511, 58, 7, 160, '2025-03-07 10:38:40'),
(1512, 59, 7, 55, '2025-03-07 10:38:46'),
(1513, 59, 3, 60, '2025-03-07 10:38:56'),
(1514, 59, 7, 65, '2025-03-07 10:39:06'),
(1515, 60, 4, 55, '2025-03-07 10:39:48'),
(1516, 59, 3, 70, '2025-03-07 10:40:13'),
(1517, 59, 7, 75, '2025-03-07 10:40:22'),
(1518, 59, 3, 80, '2025-03-07 10:40:25'),
(1519, 59, 7, 85, '2025-03-07 10:40:31'),
(1520, 59, 3, 90, '2025-03-07 10:40:35'),
(1521, 59, 7, 95, '2025-03-07 10:40:40'),
(1522, 59, 3, 100, '2025-03-07 10:40:48'),
(1523, 59, 7, 110, '2025-03-07 10:40:51'),
(1524, 59, 3, 120, '2025-03-07 10:40:55'),
(1525, 59, 7, 130, '2025-03-07 10:40:58'),
(1526, 59, 3, 140, '2025-03-07 10:41:01'),
(1527, 59, 7, 150, '2025-03-07 10:41:02'),
(1528, 59, 3, 160, '2025-03-07 10:41:06'),
(1529, 59, 7, 170, '2025-03-07 10:41:09'),
(1530, 59, 3, 180, '2025-03-07 10:41:11'),
(1531, 59, 7, 190, '2025-03-07 10:41:15'),
(1532, 59, 3, 200, '2025-03-07 10:41:17'),
(1533, 59, 4, 220, '2025-03-07 10:41:25'),
(1534, 60, 3, 60, '2025-03-07 10:41:54'),
(1535, 63, 7, 35, '2025-03-07 10:43:06'),
(1536, 63, 2, 35, '2025-03-07 10:43:07'),
(1537, 63, 7, 40, '2025-03-07 10:43:09'),
(1538, 63, 2, 45, '2025-03-07 10:43:12'),
(1539, 63, 3, 45, '2025-03-07 10:43:13'),
(1540, 63, 7, 50, '2025-03-07 10:43:13'),
(1541, 63, 7, 55, '2025-03-07 10:43:16'),
(1542, 63, 6, 55, '2025-03-07 10:43:17'),
(1543, 63, 2, 60, '2025-03-07 10:43:18'),
(1544, 63, 7, 65, '2025-03-07 10:43:20'),
(1545, 63, 3, 70, '2025-03-07 10:43:22'),
(1546, 63, 2, 70, '2025-03-07 10:43:23'),
(1547, 63, 3, 75, '2025-03-07 10:43:25'),
(1548, 63, 7, 80, '2025-03-07 10:43:26'),
(1549, 63, 1, 80, '2025-03-07 10:43:26'),
(1550, 63, 2, 85, '2025-03-07 10:43:30'),
(1551, 63, 3, 85, '2025-03-07 10:43:31'),
(1552, 63, 7, 90, '2025-03-07 10:43:32'),
(1553, 63, 1, 90, '2025-03-07 10:43:32'),
(1554, 63, 3, 95, '2025-03-07 10:43:36'),
(1555, 63, 7, 95, '2025-03-07 10:43:37'),
(1556, 63, 1, 100, '2025-03-07 10:43:39'),
(1557, 63, 7, 110, '2025-03-07 10:43:40'),
(1558, 63, 2, 120, '2025-03-07 10:43:46'),
(1559, 63, 2, 130, '2025-03-07 10:43:48'),
(1560, 63, 6, 130, '2025-03-07 10:43:48'),
(1561, 63, 7, 140, '2025-03-07 10:43:49'),
(1562, 63, 2, 150, '2025-03-07 10:43:52'),
(1563, 63, 7, 160, '2025-03-07 10:43:55'),
(1564, 63, 3, 160, '2025-03-07 10:43:55'),
(1565, 63, 2, 170, '2025-03-07 10:43:57'),
(1566, 63, 7, 170, '2025-03-07 10:43:58'),
(1567, 63, 6, 180, '2025-03-07 10:44:01'),
(1568, 63, 2, 180, '2025-03-07 10:44:01'),
(1569, 63, 3, 180, '2025-03-07 10:44:01'),
(1570, 63, 7, 190, '2025-03-07 10:44:03'),
(1571, 63, 2, 200, '2025-03-07 10:44:06'),
(1572, 63, 7, 220, '2025-03-07 10:44:09'),
(1573, 63, 2, 240, '2025-03-07 10:44:14'),
(1574, 63, 7, 260, '2025-03-07 10:44:17'),
(1575, 63, 2, 280, '2025-03-07 10:44:20'),
(1576, 63, 7, 280, '2025-03-07 10:44:22'),
(1577, 63, 7, 300, '2025-03-07 10:44:24'),
(1578, 63, 2, 320, '2025-03-07 10:44:28'),
(1579, 63, 7, 340, '2025-03-07 10:44:37'),
(1580, 63, 2, 360, '2025-03-07 10:44:41'),
(1581, 64, 7, 25, '2025-03-07 10:44:59'),
(1582, 64, 3, 30, '2025-03-07 10:45:04'),
(1583, 64, 7, 35, '2025-03-07 10:45:06'),
(1584, 64, 6, 35, '2025-03-07 10:45:07'),
(1585, 64, 1, 40, '2025-03-07 10:45:11'),
(1586, 64, 6, 45, '2025-03-07 10:45:12'),
(1587, 64, 7, 45, '2025-03-07 10:45:13'),
(1588, 64, 3, 50, '2025-03-07 10:45:15'),
(1589, 64, 6, 55, '2025-03-07 10:45:16'),
(1590, 64, 1, 55, '2025-03-07 10:45:17'),
(1591, 64, 7, 60, '2025-03-07 10:45:18'),
(1592, 64, 6, 65, '2025-03-07 10:45:20'),
(1593, 64, 7, 70, '2025-03-07 10:45:22'),
(1594, 64, 1, 70, '2025-03-07 10:45:23'),
(1595, 64, 6, 70, '2025-03-07 10:45:24'),
(1596, 64, 7, 75, '2025-03-07 10:45:25'),
(1597, 64, 1, 80, '2025-03-07 10:45:27'),
(1598, 64, 6, 85, '2025-03-07 10:45:30'),
(1599, 64, 7, 90, '2025-03-07 10:45:31'),
(1600, 64, 6, 90, '2025-03-07 10:45:31'),
(1601, 64, 7, 95, '2025-03-07 10:45:33'),
(1602, 64, 3, 95, '2025-03-07 10:45:33'),
(1603, 64, 1, 95, '2025-03-07 10:45:34'),
(1604, 64, 7, 100, '2025-03-07 10:45:35'),
(1605, 64, 6, 100, '2025-03-07 10:45:36'),
(1606, 64, 7, 110, '2025-03-07 10:45:37'),
(1607, 64, 1, 110, '2025-03-07 10:45:38'),
(1608, 64, 6, 120, '2025-03-07 10:45:39'),
(1609, 64, 3, 130, '2025-03-07 10:45:40'),
(1610, 64, 7, 140, '2025-03-07 10:45:41'),
(1611, 64, 6, 140, '2025-03-07 10:45:42'),
(1612, 64, 7, 150, '2025-03-07 10:45:44'),
(1613, 64, 6, 160, '2025-03-07 10:45:45'),
(1614, 64, 6, 170, '2025-03-07 10:45:47'),
(1615, 64, 7, 170, '2025-03-07 10:45:48'),
(1616, 64, 3, 180, '2025-03-07 10:45:49'),
(1617, 64, 6, 180, '2025-03-07 10:45:50'),
(1618, 64, 7, 190, '2025-03-07 10:45:52'),
(1619, 64, 6, 200, '2025-03-07 10:45:59'),
(1620, 64, 7, 200, '2025-03-07 10:46:01'),
(1621, 64, 6, 220, '2025-03-07 10:46:07'),
(1622, 64, 7, 240, '2025-03-07 10:46:08'),
(1623, 64, 6, 260, '2025-03-07 10:46:13'),
(1624, 64, 7, 260, '2025-03-07 10:46:14'),
(1625, 64, 6, 280, '2025-03-07 10:46:22'),
(1626, 64, 7, 300, '2025-03-07 10:46:24'),
(1627, 64, 6, 320, '2025-03-07 10:46:27'),
(1628, 64, 7, 340, '2025-03-07 10:46:31'),
(1629, 64, 6, 360, '2025-03-07 10:46:33'),
(1630, 64, 7, 380, '2025-03-07 10:46:34'),
(1631, 64, 6, 400, '2025-03-07 10:46:43'),
(1632, 64, 7, 420, '2025-03-07 10:46:44'),
(1633, 64, 6, 440, '2025-03-07 10:46:50'),
(1634, 65, 7, 25, '2025-03-07 10:47:10'),
(1635, 66, 2, 220, '2025-03-07 10:47:35'),
(1636, 67, 3, 110, '2025-03-07 10:48:00'),
(1637, 67, 5, 120, '2025-03-07 10:48:06'),
(1638, 67, 3, 130, '2025-03-07 10:48:11'),
(1639, 67, 5, 140, '2025-03-07 10:48:18'),
(1640, 67, 3, 150, '2025-03-07 10:48:20'),
(1641, 67, 5, 160, '2025-03-07 10:48:22'),
(1642, 67, 5, 170, '2025-03-07 10:48:27'),
(1643, 67, 3, 180, '2025-03-07 10:48:30'),
(1644, 67, 1, 180, '2025-03-07 10:48:31'),
(1645, 67, 5, 190, '2025-03-07 10:48:35'),
(1646, 67, 4, 200, '2025-03-07 10:48:40'),
(1647, 67, 1, 200, '2025-03-07 10:48:42'),
(1648, 67, 5, 220, '2025-03-07 10:48:43'),
(1649, 67, 3, 240, '2025-03-07 10:48:44'),
(1650, 67, 5, 260, '2025-03-07 10:48:47'),
(1651, 67, 4, 260, '2025-03-07 10:48:49'),
(1652, 67, 5, 280, '2025-03-07 10:48:54'),
(1653, 67, 1, 300, '2025-03-07 10:48:55'),
(1654, 67, 3, 320, '2025-03-07 10:48:57'),
(1655, 67, 4, 320, '2025-03-07 10:48:58'),
(1656, 67, 1, 340, '2025-03-07 10:49:00'),
(1657, 67, 5, 340, '2025-03-07 10:49:01'),
(1658, 67, 4, 360, '2025-03-07 10:49:03'),
(1659, 67, 1, 360, '2025-03-07 10:49:04'),
(1660, 67, 5, 380, '2025-03-07 10:49:06'),
(1661, 67, 1, 400, '2025-03-07 10:49:08'),
(1662, 67, 4, 420, '2025-03-07 10:49:12'),
(1663, 67, 5, 420, '2025-03-07 10:49:12'),
(1664, 67, 1, 440, '2025-03-07 10:49:14'),
(1665, 67, 4, 460, '2025-03-07 10:49:17'),
(1666, 67, 5, 480, '2025-03-07 10:49:20'),
(1667, 67, 1, 500, '2025-03-07 10:49:22'),
(1668, 67, 4, 500, '2025-03-07 10:49:24'),
(1669, 67, 5, 525, '2025-03-07 10:49:30'),
(1670, 67, 1, 550, '2025-03-07 10:49:32'),
(1671, 67, 5, 575, '2025-03-07 10:49:42'),
(1672, 67, 1, 600, '2025-03-07 10:50:04'),
(1673, 67, 5, 625, '2025-03-07 10:50:12'),
(1674, 67, 1, 650, '2025-03-07 10:50:16'),
(1675, 67, 5, 675, '2025-03-07 10:50:22'),
(1676, 67, 1, 700, '2025-03-07 10:50:27'),
(1677, 68, 4, 625, '2025-03-07 10:51:15'),
(1678, 68, 5, 650, '2025-03-07 10:51:17'),
(1679, 68, 4, 675, '2025-03-07 10:51:22'),
(1680, 68, 5, 700, '2025-03-07 10:51:27'),
(1681, 68, 4, 725, '2025-03-07 10:51:30'),
(1682, 68, 3, 750, '2025-03-07 10:51:34'),
(1683, 68, 4, 775, '2025-03-07 10:51:37'),
(1684, 68, 5, 800, '2025-03-07 10:51:38'),
(1685, 69, 5, 420, '2025-03-07 10:53:04'),
(1686, 69, 1, 440, '2025-03-07 10:53:12'),
(1687, 69, 5, 460, '2025-03-07 10:53:21'),
(1688, 69, 4, 460, '2025-03-07 10:53:22'),
(1689, 69, 1, 480, '2025-03-07 10:53:27'),
(1690, 69, 5, 480, '2025-03-07 10:53:29'),
(1691, 69, 4, 500, '2025-03-07 10:53:31'),
(1692, 69, 5, 500, '2025-03-07 10:53:32'),
(1693, 69, 4, 525, '2025-03-07 10:53:38'),
(1694, 69, 6, 550, '2025-03-07 10:53:44'),
(1695, 69, 4, 575, '2025-03-07 10:53:57'),
(1696, 69, 5, 600, '2025-03-07 10:54:09'),
(1697, 71, 3, 220, '2025-03-07 10:55:07'),
(1698, 71, 2, 240, '2025-03-07 10:55:09'),
(1699, 71, 3, 260, '2025-03-07 10:55:13'),
(1700, 71, 5, 260, '2025-03-07 10:55:14'),
(1701, 71, 2, 280, '2025-03-07 10:55:16'),
(1702, 71, 2, 280, '2025-03-07 10:55:17'),
(1703, 71, 3, 300, '2025-03-07 10:55:18'),
(1704, 71, 6, 320, '2025-03-07 10:55:18'),
(1705, 71, 6, 320, '2025-03-07 10:55:19'),
(1706, 71, 5, 340, '2025-03-07 10:55:21'),
(1707, 71, 1, 360, '2025-03-07 10:55:23'),
(1708, 71, 2, 360, '2025-03-07 10:55:23'),
(1709, 71, 3, 360, '2025-03-07 10:55:23'),
(1710, 71, 5, 380, '2025-03-07 10:55:26'),
(1711, 71, 1, 400, '2025-03-07 10:55:27'),
(1712, 71, 3, 420, '2025-03-07 10:55:30'),
(1713, 71, 5, 420, '2025-03-07 10:55:31'),
(1714, 71, 1, 440, '2025-03-07 10:55:33'),
(1715, 71, 3, 460, '2025-03-07 10:55:36'),
(1716, 71, 5, 460, '2025-03-07 10:55:36'),
(1717, 71, 1, 480, '2025-03-07 10:55:37'),
(1718, 71, 8, 500, '2025-03-07 10:55:40'),
(1719, 71, 5, 525, '2025-03-07 10:55:42'),
(1720, 71, 3, 525, '2025-03-07 10:55:42'),
(1721, 71, 8, 550, '2025-03-07 10:55:44'),
(1722, 71, 1, 550, '2025-03-07 10:55:44'),
(1723, 71, 1, 575, '2025-03-07 10:55:46'),
(1724, 71, 8, 600, '2025-03-07 10:55:48'),
(1725, 71, 3, 625, '2025-03-07 10:55:50'),
(1726, 71, 6, 650, '2025-03-07 10:55:52'),
(1727, 71, 8, 675, '2025-03-07 10:55:53'),
(1728, 71, 3, 700, '2025-03-07 10:55:57'),
(1729, 71, 5, 700, '2025-03-07 10:55:58'),
(1730, 71, 6, 725, '2025-03-07 10:56:00'),
(1731, 71, 6, 750, '2025-03-07 10:56:05'),
(1732, 71, 2, 750, '2025-03-07 10:56:05'),
(1733, 71, 5, 750, '2025-03-07 10:56:05'),
(1734, 71, 6, 775, '2025-03-07 10:56:07'),
(1735, 71, 3, 800, '2025-03-07 10:56:09'),
(1736, 71, 5, 800, '2025-03-07 10:56:10'),
(1737, 71, 2, 825, '2025-03-07 10:56:13'),
(1738, 71, 6, 850, '2025-03-07 10:56:17'),
(1739, 71, 2, 875, '2025-03-07 10:56:21'),
(1740, 71, 6, 900, '2025-03-07 10:56:24'),
(1741, 71, 4, 925, '2025-03-07 10:56:33'),
(1742, 71, 6, 950, '2025-03-07 10:56:35'),
(1743, 71, 4, 975, '2025-03-07 10:56:43'),
(1744, 71, 3, 975, '2025-03-07 10:56:44'),
(1745, 71, 6, 1000, '2025-03-07 10:56:47'),
(1746, 71, 3, 1025, '2025-03-07 10:56:56'),
(1747, 71, 4, 1025, '2025-03-07 10:56:57'),
(1748, 71, 6, 1050, '2025-03-07 10:57:00'),
(1749, 71, 4, 1075, '2025-03-07 10:57:03'),
(1750, 71, 3, 1075, '2025-03-07 10:57:04'),
(1751, 71, 4, 1100, '2025-03-07 10:57:07'),
(1752, 71, 3, 1125, '2025-03-07 10:57:10'),
(1753, 71, 4, 1150, '2025-03-07 10:57:15'),
(1754, 71, 3, 1175, '2025-03-07 10:57:17'),
(1755, 71, 6, 1200, '2025-03-07 10:57:18'),
(1756, 71, 3, 1225, '2025-03-07 10:57:26'),
(1757, 71, 4, 1225, '2025-03-07 10:57:27'),
(1758, 71, 6, 1250, '2025-03-07 10:57:29'),
(1759, 71, 3, 1275, '2025-03-07 10:57:33'),
(1760, 71, 4, 1275, '2025-03-07 10:57:34'),
(1761, 71, 3, 1300, '2025-03-07 10:57:38'),
(1762, 71, 4, 1325, '2025-03-07 10:57:42'),
(1763, 71, 6, 1350, '2025-03-07 10:57:42'),
(1764, 71, 6, 1375, '2025-03-07 10:57:47'),
(1765, 71, 3, 1375, '2025-03-07 10:57:48'),
(1766, 71, 4, 1375, '2025-03-07 10:57:48'),
(1767, 71, 6, 1400, '2025-03-07 10:57:52'),
(1768, 71, 3, 1425, '2025-03-07 10:57:53'),
(1769, 71, 6, 1450, '2025-03-07 10:57:56'),
(1770, 71, 4, 1475, '2025-03-07 10:58:01'),
(1771, 71, 6, 1500, '2025-03-07 10:58:02'),
(1772, 71, 3, 1525, '2025-03-07 10:58:07'),
(1773, 71, 6, 1525, '2025-03-07 10:58:07'),
(1774, 71, 6, 1550, '2025-03-07 10:58:14'),
(1775, 71, 4, 1575, '2025-03-07 10:58:19'),
(1776, 71, 3, 1575, '2025-03-07 10:58:20'),
(1777, 71, 6, 1600, '2025-03-07 10:58:23'),
(1778, 71, 3, 1625, '2025-03-07 10:58:31'),
(1779, 72, 2, 220, '2025-03-07 10:58:59'),
(1780, 72, 7, 240, '2025-03-07 10:59:03'),
(1781, 72, 2, 260, '2025-03-07 10:59:08'),
(1782, 72, 5, 280, '2025-03-07 10:59:10'),
(1783, 72, 7, 280, '2025-03-07 10:59:11'),
(1784, 72, 2, 300, '2025-03-07 10:59:16'),
(1785, 72, 8, 320, '2025-03-07 10:59:16'),
(1786, 72, 8, 340, '2025-03-07 10:59:25'),
(1787, 72, 8, 340, '2025-03-07 10:59:25'),
(1788, 72, 7, 340, '2025-03-07 10:59:26'),
(1789, 72, 8, 360, '2025-03-07 10:59:27'),
(1790, 72, 8, 360, '2025-03-07 10:59:27'),
(1791, 72, 8, 360, '2025-03-07 10:59:27'),
(1792, 72, 2, 380, '2025-03-07 10:59:30'),
(1793, 72, 6, 400, '2025-03-07 10:59:35'),
(1794, 72, 2, 420, '2025-03-07 10:59:39'),
(1795, 72, 4, 440, '2025-03-07 10:59:50'),
(1796, 72, 2, 460, '2025-03-07 10:59:52'),
(1797, 72, 4, 480, '2025-03-07 11:00:01'),
(1798, 72, 2, 500, '2025-03-07 11:00:04'),
(1799, 72, 6, 500, '2025-03-07 11:00:04'),
(1800, 72, 2, 525, '2025-03-07 11:00:09'),
(1801, 72, 4, 550, '2025-03-07 11:00:09'),
(1802, 72, 2, 575, '2025-03-07 11:00:13'),
(1803, 72, 6, 575, '2025-03-07 11:00:14'),
(1804, 72, 2, 600, '2025-03-07 11:00:20'),
(1805, 72, 6, 625, '2025-03-07 11:00:24'),
(1806, 72, 2, 650, '2025-03-07 11:00:29'),
(1807, 72, 6, 675, '2025-03-07 11:00:31'),
(1808, 72, 2, 700, '2025-03-07 11:00:35'),
(1809, 72, 6, 725, '2025-03-07 11:00:39'),
(1810, 72, 2, 750, '2025-03-07 11:00:43'),
(1811, 72, 6, 775, '2025-03-07 11:00:48'),
(1812, 72, 2, 800, '2025-03-07 11:00:50'),
(1813, 72, 6, 825, '2025-03-07 11:00:54'),
(1814, 72, 2, 850, '2025-03-07 11:00:58'),
(1815, 72, 6, 875, '2025-03-07 11:01:00'),
(1816, 72, 2, 900, '2025-03-07 11:01:03'),
(1817, 72, 6, 900, '2025-03-07 11:01:04'),
(1818, 72, 2, 925, '2025-03-07 11:01:12'),
(1819, 72, 6, 950, '2025-03-07 11:01:20'),
(1820, 72, 6, 975, '2025-03-07 11:01:28'),
(1821, 73, 5, 220, '2025-03-07 11:02:01'),
(1822, 73, 7, 240, '2025-03-07 11:02:04'),
(1823, 73, 1, 260, '2025-03-07 11:02:09'),
(1824, 73, 7, 280, '2025-03-07 11:02:11'),
(1825, 73, 6, 300, '2025-03-07 11:02:13'),
(1826, 73, 7, 320, '2025-03-07 11:02:16'),
(1827, 73, 1, 320, '2025-03-07 11:02:18'),
(1828, 73, 7, 340, '2025-03-07 11:02:19'),
(1829, 73, 6, 340, '2025-03-07 11:02:20'),
(1830, 73, 8, 360, '2025-03-07 11:02:22'),
(1831, 73, 1, 360, '2025-03-07 11:02:23'),
(1832, 73, 7, 380, '2025-03-07 11:02:23'),
(1833, 73, 6, 380, '2025-03-07 11:02:25'),
(1834, 73, 7, 400, '2025-03-07 11:02:27'),
(1835, 73, 7, 400, '2025-03-07 11:02:28'),
(1836, 73, 1, 420, '2025-03-07 11:02:30'),
(1837, 73, 6, 420, '2025-03-07 11:02:30'),
(1838, 73, 1, 440, '2025-03-07 11:02:34'),
(1839, 73, 8, 460, '2025-03-07 11:02:37'),
(1840, 73, 8, 460, '2025-03-07 11:02:37'),
(1841, 73, 8, 460, '2025-03-07 11:02:37'),
(1842, 73, 8, 480, '2025-03-07 11:02:38'),
(1843, 73, 8, 480, '2025-03-07 11:02:38'),
(1844, 73, 8, 480, '2025-03-07 11:02:38'),
(1845, 73, 6, 480, '2025-03-07 11:02:39'),
(1846, 73, 8, 480, '2025-03-07 11:02:39'),
(1847, 73, 8, 480, '2025-03-07 11:02:39'),
(1848, 73, 8, 480, '2025-03-07 11:02:39'),
(1849, 73, 8, 480, '2025-03-07 11:02:39'),
(1850, 73, 8, 500, '2025-03-07 11:02:40'),
(1851, 73, 6, 525, '2025-03-07 11:02:50'),
(1852, 73, 5, 550, '2025-03-07 11:02:51'),
(1853, 73, 7, 575, '2025-03-07 11:02:54'),
(1854, 73, 8, 575, '2025-03-07 11:02:55'),
(1855, 73, 8, 575, '2025-03-07 11:02:55'),
(1856, 73, 8, 575, '2025-03-07 11:02:55'),
(1857, 73, 8, 575, '2025-03-07 11:02:55'),
(1858, 73, 8, 575, '2025-03-07 11:02:55'),
(1859, 73, 6, 600, '2025-03-07 11:02:58'),
(1860, 73, 8, 625, '2025-03-07 11:02:58'),
(1861, 73, 8, 625, '2025-03-07 11:02:59'),
(1862, 73, 4, 650, '2025-03-07 11:03:04'),
(1863, 73, 6, 675, '2025-03-07 11:03:08'),
(1864, 73, 8, 700, '2025-03-07 11:03:12'),
(1865, 73, 6, 725, '2025-03-07 11:03:15'),
(1866, 73, 8, 725, '2025-03-07 11:03:16'),
(1867, 74, 2, 220, '2025-03-07 11:03:40'),
(1868, 74, 4, 240, '2025-03-07 11:03:51'),
(1869, 74, 2, 260, '2025-03-07 11:03:55'),
(1870, 74, 4, 280, '2025-03-07 11:04:07'),
(1871, 74, 2, 300, '2025-03-07 11:04:09'),
(1872, 74, 7, 320, '2025-03-07 11:04:10'),
(1873, 74, 2, 340, '2025-03-07 11:04:16'),
(1874, 74, 4, 360, '2025-03-07 11:04:19'),
(1875, 74, 2, 380, '2025-03-07 11:04:23'),
(1876, 74, 8, 380, '2025-03-07 11:04:23'),
(1877, 74, 2, 400, '2025-03-07 11:04:28'),
(1878, 74, 4, 420, '2025-03-07 11:04:38'),
(1879, 74, 2, 440, '2025-03-07 11:04:41'),
(1880, 74, 4, 460, '2025-03-07 11:04:46'),
(1881, 74, 2, 480, '2025-03-07 11:04:50'),
(1882, 74, 4, 500, '2025-03-07 11:04:54'),
(1883, 74, 2, 525, '2025-03-07 11:04:55'),
(1884, 74, 4, 550, '2025-03-07 11:05:01'),
(1885, 74, 2, 575, '2025-03-07 11:05:03'),
(1886, 74, 4, 600, '2025-03-07 11:05:19'),
(1887, 74, 2, 625, '2025-03-07 11:05:22'),
(1888, 74, 4, 650, '2025-03-07 11:05:25'),
(1889, 74, 2, 675, '2025-03-07 11:05:28'),
(1890, 74, 4, 700, '2025-03-07 11:05:32'),
(1891, 74, 2, 725, '2025-03-07 11:05:36'),
(1892, 74, 4, 750, '2025-03-07 11:05:52'),
(1893, 74, 2, 775, '2025-03-07 11:05:58'),
(1894, 75, 4, 220, '2025-03-07 11:06:35'),
(1895, 76, 7, 110, '2025-03-07 11:07:00'),
(1896, 76, 6, 120, '2025-03-07 11:07:17'),
(1897, 76, 7, 130, '2025-03-07 11:07:23'),
(1898, 77, 4, 80, '2025-03-07 11:08:09'),
(1899, 77, 3, 85, '2025-03-07 11:08:19'),
(1900, 77, 4, 90, '2025-03-07 11:08:30'),
(1901, 77, 3, 95, '2025-03-07 11:08:36'),
(1902, 78, 5, 55, '2025-03-07 11:08:57'),
(1903, 78, 7, 60, '2025-03-07 11:09:06'),
(1904, 78, 3, 65, '2025-03-07 11:09:09'),
(1905, 78, 5, 65, '2025-03-07 11:09:10'),
(1906, 78, 7, 70, '2025-03-07 11:09:13'),
(1907, 78, 3, 75, '2025-03-07 11:09:15'),
(1908, 78, 5, 75, '2025-03-07 11:09:16'),
(1909, 78, 7, 80, '2025-03-07 11:09:19'),
(1910, 78, 4, 80, '2025-03-07 11:09:19'),
(1911, 78, 2, 80, '2025-03-07 11:09:20'),
(1912, 78, 5, 85, '2025-03-07 11:09:20'),
(1913, 78, 3, 80, '2025-03-07 11:09:20'),
(1914, 78, 7, 90, '2025-03-07 11:09:22'),
(1915, 78, 3, 95, '2025-03-07 11:09:24'),
(1916, 78, 3, 100, '2025-03-07 11:09:25'),
(1917, 78, 5, 100, '2025-03-07 11:09:26'),
(1918, 78, 3, 110, '2025-03-07 11:09:28'),
(1919, 78, 4, 120, '2025-03-07 11:09:31'),
(1920, 78, 5, 130, '2025-03-07 11:09:32'),
(1921, 78, 3, 140, '2025-03-07 11:09:33'),
(1922, 78, 1, 150, '2025-03-07 11:09:35'),
(1923, 78, 5, 150, '2025-03-07 11:09:37'),
(1924, 78, 3, 160, '2025-03-07 11:09:40'),
(1925, 78, 4, 170, '2025-03-07 11:09:43'),
(1926, 78, 5, 180, '2025-03-07 11:09:45'),
(1927, 78, 1, 190, '2025-03-07 11:09:46'),
(1928, 78, 3, 190, '2025-03-07 11:09:46'),
(1929, 78, 5, 200, '2025-03-07 11:09:49'),
(1930, 78, 1, 200, '2025-03-07 11:09:50'),
(1931, 78, 3, 220, '2025-03-07 11:09:53'),
(1932, 78, 4, 220, '2025-03-07 11:09:54'),
(1933, 78, 1, 240, '2025-03-07 11:09:54'),
(1934, 78, 6, 240, '2025-03-07 11:09:56'),
(1935, 78, 1, 260, '2025-03-07 11:09:58'),
(1936, 78, 4, 280, '2025-03-07 11:09:59'),
(1937, 78, 5, 300, '2025-03-07 11:10:02'),
(1938, 78, 1, 300, '2025-03-07 11:10:02'),
(1939, 78, 3, 300, '2025-03-07 11:10:02'),
(1940, 78, 1, 320, '2025-03-07 11:10:06'),
(1941, 78, 4, 340, '2025-03-07 11:10:08'),
(1942, 78, 3, 340, '2025-03-07 11:10:09'),
(1943, 78, 1, 360, '2025-03-07 11:10:11'),
(1944, 78, 3, 380, '2025-03-07 11:10:15'),
(1945, 78, 1, 400, '2025-03-07 11:10:17'),
(1946, 78, 3, 420, '2025-03-07 11:10:21'),
(1947, 78, 1, 440, '2025-03-07 11:10:23'),
(1948, 78, 5, 460, '2025-03-07 11:10:30'),
(1949, 78, 1, 480, '2025-03-07 11:10:37'),
(1950, 78, 5, 500, '2025-03-07 11:10:41'),
(1951, 78, 3, 525, '2025-03-07 11:10:48'),
(1952, 78, 5, 550, '2025-03-07 11:10:51'),
(1953, 78, 4, 575, '2025-03-07 11:10:53'),
(1954, 78, 5, 600, '2025-03-07 11:10:57'),
(1955, 78, 3, 625, '2025-03-07 11:11:00'),
(1956, 78, 5, 650, '2025-03-07 11:11:05'),
(1957, 78, 4, 675, '2025-03-07 11:11:08'),
(1958, 78, 3, 700, '2025-03-07 11:11:12'),
(1959, 78, 4, 725, '2025-03-07 11:11:22'),
(1960, 78, 3, 750, '2025-03-07 11:11:27'),
(1961, 78, 4, 775, '2025-03-07 11:11:31'),
(1962, 78, 3, 800, '2025-03-07 11:11:33'),
(1963, 78, 4, 825, '2025-03-07 11:11:42'),
(1964, 78, 3, 825, '2025-03-07 11:11:44'),
(1965, 78, 4, 850, '2025-03-07 11:11:51'),
(1966, 78, 3, 875, '2025-03-07 11:12:03'),
(1967, 78, 4, 900, '2025-03-07 11:12:05'),
(1968, 78, 3, 925, '2025-03-07 11:12:14'),
(1969, 78, 4, 950, '2025-03-07 11:12:15'),
(1970, 78, 3, 975, '2025-03-07 11:12:20'),
(1971, 78, 4, 1000, '2025-03-07 11:12:24'),
(1972, 78, 3, 1025, '2025-03-07 11:12:27'),
(1973, 78, 4, 1050, '2025-03-07 11:12:36'),
(1974, 81, 3, 575, '2025-03-07 11:13:51'),
(1975, 81, 5, 600, '2025-03-07 11:13:56'),
(1976, 81, 3, 625, '2025-03-07 11:14:10'),
(1977, 81, 5, 650, '2025-03-07 11:14:21'),
(1978, 82, 5, 420, '2025-03-07 11:14:59'),
(1979, 82, 8, 420, '2025-03-07 11:15:00'),
(1980, 82, 5, 440, '2025-03-07 11:15:12'),
(1981, 85, 4, 35, '2025-03-07 11:17:03'),
(1982, 87, 7, 160, '2025-03-07 11:17:53'),
(1983, 88, 3, 25, '2025-03-07 11:18:29'),
(1984, 88, 8, 30, '2025-03-07 11:18:41'),
(1985, 88, 3, 35, '2025-03-07 11:18:43'),
(1986, 88, 8, 40, '2025-03-07 11:18:47'),
(1987, 88, 8, 45, '2025-03-07 11:18:48'),
(1988, 88, 3, 50, '2025-03-07 11:18:51'),
(1989, 92, 7, 220, '2025-03-07 11:20:34'),
(1990, 92, 1, 240, '2025-03-07 11:20:39'),
(1991, 92, 7, 260, '2025-03-07 11:20:41'),
(1992, 92, 1, 280, '2025-03-07 11:20:43'),
(1993, 92, 7, 300, '2025-03-07 11:20:44'),
(1994, 92, 1, 320, '2025-03-07 11:20:47'),
(1995, 92, 7, 340, '2025-03-07 11:20:48'),
(1996, 92, 1, 360, '2025-03-07 11:20:51'),
(1997, 92, 7, 380, '2025-03-07 11:20:52'),
(1998, 92, 3, 360, '2025-03-07 11:20:53'),
(1999, 92, 1, 400, '2025-03-07 11:20:55'),
(2000, 92, 5, 400, '2025-03-07 11:20:56'),
(2001, 92, 7, 420, '2025-03-07 11:21:01'),
(2002, 92, 1, 420, '2025-03-07 11:21:01'),
(2003, 92, 3, 440, '2025-03-07 11:21:02'),
(2004, 92, 8, 460, '2025-03-07 11:21:04'),
(2005, 92, 7, 480, '2025-03-07 11:21:08'),
(2006, 92, 5, 500, '2025-03-07 11:21:10'),
(2007, 92, 3, 525, '2025-03-07 11:21:14'),
(2008, 92, 7, 550, '2025-03-07 11:21:16'),
(2009, 92, 5, 575, '2025-03-07 11:21:20'),
(2010, 92, 3, 600, '2025-03-07 11:21:22'),
(2011, 92, 5, 625, '2025-03-07 11:21:29'),
(2012, 92, 3, 650, '2025-03-07 11:21:31'),
(2013, 92, 6, 675, '2025-03-07 11:21:36'),
(2014, 92, 5, 675, '2025-03-07 11:21:37'),
(2015, 92, 3, 675, '2025-03-07 11:21:38'),
(2016, 92, 5, 700, '2025-03-07 11:21:47'),
(2017, 92, 3, 700, '2025-03-07 11:21:48'),
(2018, 92, 5, 725, '2025-03-07 11:21:54'),
(2019, 92, 3, 725, '2025-03-07 11:21:54'),
(2020, 92, 5, 750, '2025-03-07 11:21:59'),
(2021, 92, 6, 775, '2025-03-07 11:22:01'),
(2022, 92, 3, 775, '2025-03-07 11:22:02'),
(2023, 92, 5, 800, '2025-03-07 11:22:07'),
(2024, 92, 3, 825, '2025-03-07 11:22:10'),
(2025, 92, 6, 850, '2025-03-07 11:22:20'),
(2026, 92, 6, 875, '2025-03-07 11:22:28'),
(2027, 93, 7, 220, '2025-03-07 11:23:07'),
(2028, 95, 5, 220, '2025-03-07 11:23:56'),
(2029, 95, 3, 220, '2025-03-07 11:23:57'),
(2030, 95, 5, 240, '2025-03-07 11:24:01'),
(2031, 95, 7, 240, '2025-03-07 11:24:01'),
(2032, 95, 7, 260, '2025-03-07 11:24:04'),
(2033, 95, 3, 260, '2025-03-07 11:24:05'),
(2034, 95, 7, 280, '2025-03-07 11:24:06'),
(2035, 95, 1, 280, '2025-03-07 11:24:07'),
(2036, 95, 7, 300, '2025-03-07 11:24:08'),
(2037, 95, 8, 320, '2025-03-07 11:24:10'),
(2038, 95, 1, 320, '2025-03-07 11:24:11'),
(2039, 95, 7, 340, '2025-03-07 11:24:13'),
(2040, 95, 1, 340, '2025-03-07 11:24:13'),
(2041, 95, 3, 360, '2025-03-07 11:24:15'),
(2042, 95, 7, 360, '2025-03-07 11:24:17'),
(2043, 95, 1, 380, '2025-03-07 11:24:17'),
(2044, 95, 7, 380, '2025-03-07 11:24:19'),
(2045, 95, 7, 400, '2025-03-07 11:24:20'),
(2046, 95, 5, 420, '2025-03-07 11:24:22'),
(2047, 95, 7, 440, '2025-03-07 11:24:25'),
(2048, 95, 5, 460, '2025-03-07 11:24:29'),
(2049, 95, 7, 480, '2025-03-07 11:24:32'),
(2050, 95, 3, 500, '2025-03-07 11:24:34'),
(2051, 95, 5, 525, '2025-03-07 11:24:37'),
(2052, 95, 7, 550, '2025-03-07 11:24:39'),
(2053, 95, 5, 575, '2025-03-07 11:24:43'),
(2054, 95, 7, 600, '2025-03-07 11:24:44'),
(2055, 95, 5, 625, '2025-03-07 11:24:48'),
(2056, 95, 3, 650, '2025-03-07 11:24:50'),
(2057, 95, 7, 650, '2025-03-07 11:24:50'),
(2058, 95, 5, 675, '2025-03-07 11:24:54'),
(2059, 95, 7, 700, '2025-03-07 11:24:55'),
(2060, 95, 5, 725, '2025-03-07 11:24:58'),
(2061, 95, 3, 725, '2025-03-07 11:24:58'),
(2062, 95, 5, 750, '2025-03-07 11:25:04'),
(2063, 95, 3, 775, '2025-03-07 11:25:08'),
(2064, 95, 5, 800, '2025-03-07 11:25:11'),
(2065, 95, 3, 825, '2025-03-07 11:25:14'),
(2066, 95, 5, 850, '2025-03-07 11:25:17'),
(2067, 95, 3, 875, '2025-03-07 11:25:25'),
(2068, 95, 5, 900, '2025-03-07 11:25:28'),
(2069, 95, 3, 925, '2025-03-07 11:25:34'),
(2070, 95, 5, 950, '2025-03-07 11:25:40'),
(2071, 95, 3, 975, '2025-03-07 11:25:49'),
(2072, 95, 5, 1000, '2025-03-07 11:25:52'),
(2073, 95, 3, 1025, '2025-03-07 11:26:07'),
(2074, 96, 6, 2325, '2025-03-07 11:26:46'),
(2075, 97, 2, 25, '2025-03-07 11:27:23'),
(2076, 97, 3, 30, '2025-03-07 11:27:32'),
(2077, 97, 2, 35, '2025-03-07 11:27:33'),
(2078, 97, 8, 35, '2025-03-07 11:27:35'),
(2079, 97, 2, 40, '2025-03-07 11:27:37'),
(2080, 97, 3, 45, '2025-03-07 11:27:40'),
(2081, 97, 2, 50, '2025-03-07 11:27:42'),
(2082, 97, 8, 55, '2025-03-07 11:27:44'),
(2083, 97, 5, 55, '2025-03-07 11:27:44'),
(2084, 97, 3, 55, '2025-03-07 11:27:44'),
(2085, 97, 2, 60, '2025-03-07 11:27:45'),
(2086, 97, 1, 65, '2025-03-07 11:27:47'),
(2087, 97, 2, 70, '2025-03-07 11:27:48'),
(2088, 97, 5, 70, '2025-03-07 11:27:48'),
(2089, 97, 8, 70, '2025-03-07 11:27:49'),
(2090, 97, 8, 70, '2025-03-07 11:27:49'),
(2091, 97, 7, 75, '2025-03-07 11:27:49'),
(2092, 97, 1, 75, '2025-03-07 11:27:49'),
(2093, 97, 8, 70, '2025-03-07 11:27:50'),
(2094, 97, 8, 80, '2025-03-07 11:27:50'),
(2095, 97, 8, 80, '2025-03-07 11:27:50'),
(2096, 97, 8, 80, '2025-03-07 11:27:50'),
(2097, 97, 8, 80, '2025-03-07 11:27:51'),
(2098, 97, 2, 75, '2025-03-07 11:27:51'),
(2099, 97, 3, 80, '2025-03-07 11:27:51'),
(2100, 97, 7, 85, '2025-03-07 11:27:53'),
(2101, 97, 2, 90, '2025-03-07 11:27:54'),
(2102, 97, 8, 90, '2025-03-07 11:27:54'),
(2103, 97, 5, 90, '2025-03-07 11:27:54'),
(2104, 97, 8, 90, '2025-03-07 11:27:54'),
(2105, 97, 8, 90, '2025-03-07 11:27:55'),
(2106, 97, 7, 95, '2025-03-07 11:27:56'),
(2107, 97, 3, 95, '2025-03-07 11:27:57'),
(2108, 97, 4, 95, '2025-03-07 11:27:57'),
(2109, 97, 1, 100, '2025-03-07 11:27:57'),
(2110, 97, 5, 110, '2025-03-07 11:27:58'),
(2111, 97, 2, 110, '2025-03-07 11:27:59'),
(2112, 97, 7, 110, '2025-03-07 11:27:59'),
(2113, 97, 8, 110, '2025-03-07 11:28:00'),
(2114, 97, 3, 120, '2025-03-07 11:28:00'),
(2115, 97, 7, 130, '2025-03-07 11:28:02'),
(2116, 97, 8, 130, '2025-03-07 11:28:02'),
(2117, 97, 5, 130, '2025-03-07 11:28:02'),
(2118, 97, 2, 130, '2025-03-07 11:28:02'),
(2119, 97, 7, 140, '2025-03-07 11:28:03'),
(2120, 97, 8, 140, '2025-03-07 11:28:04'),
(2121, 97, 5, 150, '2025-03-07 11:28:05'),
(2122, 97, 3, 150, '2025-03-07 11:28:05'),
(2123, 97, 4, 150, '2025-03-07 11:28:05'),
(2124, 97, 7, 150, '2025-03-07 11:28:05'),
(2125, 97, 8, 160, '2025-03-07 11:28:07'),
(2126, 97, 5, 170, '2025-03-07 11:28:08'),
(2127, 97, 8, 180, '2025-03-07 11:28:09'),
(2128, 97, 1, 180, '2025-03-07 11:28:10'),
(2129, 97, 7, 180, '2025-03-07 11:28:10'),
(2130, 97, 8, 180, '2025-03-07 11:28:10'),
(2131, 97, 8, 180, '2025-03-07 11:28:10'),
(2132, 97, 8, 180, '2025-03-07 11:28:11'),
(2133, 97, 2, 190, '2025-03-07 11:28:11'),
(2134, 97, 3, 190, '2025-03-07 11:28:11'),
(2135, 97, 5, 190, '2025-03-07 11:28:12'),
(2136, 97, 7, 190, '2025-03-07 11:28:12'),
(2137, 97, 8, 200, '2025-03-07 11:28:14'),
(2138, 97, 8, 200, '2025-03-07 11:28:15'),
(2139, 97, 8, 200, '2025-03-07 11:28:15'),
(2140, 97, 2, 200, '2025-03-07 11:28:16'),
(2141, 97, 8, 220, '2025-03-07 11:28:16'),
(2142, 97, 8, 220, '2025-03-07 11:28:16'),
(2143, 97, 8, 220, '2025-03-07 11:28:16'),
(2144, 97, 1, 220, '2025-03-07 11:28:16'),
(2145, 97, 8, 220, '2025-03-07 11:28:16'),
(2146, 97, 8, 220, '2025-03-07 11:28:16'),
(2147, 97, 8, 220, '2025-03-07 11:28:17'),
(2148, 97, 7, 220, '2025-03-07 11:28:17'),
(2149, 97, 8, 220, '2025-03-07 11:28:17'),
(2150, 97, 5, 240, '2025-03-07 11:28:18'),
(2151, 97, 7, 240, '2025-03-07 11:28:18'),
(2152, 97, 3, 260, '2025-03-07 11:28:19'),
(2153, 97, 1, 260, '2025-03-07 11:28:20'),
(2154, 97, 8, 280, '2025-03-07 11:28:21'),
(2155, 97, 7, 280, '2025-03-07 11:28:22'),
(2156, 97, 8, 280, '2025-03-07 11:28:22'),
(2157, 97, 8, 280, '2025-03-07 11:28:22'),
(2158, 97, 5, 280, '2025-03-07 11:28:22'),
(2159, 97, 8, 280, '2025-03-07 11:28:22'),
(2160, 97, 1, 300, '2025-03-07 11:28:25'),
(2161, 97, 4, 300, '2025-03-07 11:28:26'),
(2162, 97, 8, 320, '2025-03-07 11:28:27'),
(2163, 97, 3, 320, '2025-03-07 11:28:27'),
(2164, 97, 7, 340, '2025-03-07 11:28:28'),
(2165, 97, 8, 340, '2025-03-07 11:28:28'),
(2166, 97, 1, 340, '2025-03-07 11:28:28'),
(2167, 97, 8, 340, '2025-03-07 11:28:28'),
(2168, 97, 8, 340, '2025-03-07 11:28:29'),
(2169, 97, 8, 340, '2025-03-07 11:28:29'),
(2170, 97, 8, 340, '2025-03-07 11:28:29'),
(2171, 97, 8, 340, '2025-03-07 11:28:29'),
(2172, 97, 2, 360, '2025-03-07 11:28:30'),
(2173, 97, 7, 360, '2025-03-07 11:28:30'),
(2174, 97, 1, 360, '2025-03-07 11:28:31'),
(2175, 97, 7, 380, '2025-03-07 11:28:32'),
(2176, 97, 8, 380, '2025-03-07 11:28:33'),
(2177, 97, 8, 380, '2025-03-07 11:28:33'),
(2178, 97, 8, 380, '2025-03-07 11:28:34'),
(2179, 97, 8, 400, '2025-03-07 11:28:34'),
(2180, 97, 7, 400, '2025-03-07 11:28:34'),
(2181, 97, 2, 420, '2025-03-07 11:28:36'),
(2182, 97, 8, 420, '2025-03-07 11:28:37'),
(2183, 97, 7, 440, '2025-03-07 11:28:38'),
(2184, 97, 8, 460, '2025-03-07 11:28:41'),
(2185, 97, 1, 460, '2025-03-07 11:28:42'),
(2186, 97, 2, 460, '2025-03-07 11:28:42'),
(2187, 97, 8, 480, '2025-03-07 11:28:43'),
(2188, 97, 8, 500, '2025-03-07 11:28:44'),
(2189, 97, 8, 500, '2025-03-07 11:28:45'),
(2190, 97, 7, 500, '2025-03-07 11:28:45'),
(2191, 97, 8, 500, '2025-03-07 11:28:45'),
(2192, 97, 8, 500, '2025-03-07 11:28:45'),
(2193, 97, 2, 525, '2025-03-07 11:28:46'),
(2194, 97, 8, 550, '2025-03-07 11:28:47'),
(2195, 97, 7, 525, '2025-03-07 11:28:48'),
(2196, 97, 8, 550, '2025-03-07 11:28:48'),
(2197, 97, 5, 550, '2025-03-07 11:28:49'),
(2198, 97, 7, 575, '2025-03-07 11:28:51'),
(2199, 97, 2, 575, '2025-03-07 11:28:51'),
(2200, 97, 8, 575, '2025-03-07 11:28:52'),
(2201, 97, 5, 600, '2025-03-07 11:28:55'),
(2202, 97, 7, 600, '2025-03-07 11:28:55'),
(2203, 97, 8, 625, '2025-03-07 11:28:57'),
(2204, 97, 2, 625, '2025-03-07 11:28:57'),
(2205, 97, 8, 650, '2025-03-07 11:28:59'),
(2206, 97, 5, 675, '2025-03-07 11:29:01'),
(2207, 97, 2, 675, '2025-03-07 11:29:01'),
(2208, 97, 8, 675, '2025-03-07 11:29:02'),
(2209, 97, 7, 700, '2025-03-07 11:29:02'),
(2210, 97, 8, 725, '2025-03-07 11:29:04'),
(2211, 97, 2, 750, '2025-03-07 11:29:05'),
(2212, 97, 8, 775, '2025-03-07 11:29:08'),
(2213, 97, 8, 775, '2025-03-07 11:29:09'),
(2214, 97, 8, 775, '2025-03-07 11:29:09'),
(2215, 97, 2, 800, '2025-03-07 11:29:12'),
(2216, 97, 5, 800, '2025-03-07 11:29:14'),
(2217, 97, 8, 825, '2025-03-07 11:29:15'),
(2218, 97, 5, 850, '2025-03-07 11:29:20'),
(2219, 97, 2, 850, '2025-03-07 11:29:21'),
(2220, 97, 5, 875, '2025-03-07 11:29:24'),
(2221, 97, 8, 875, '2025-03-07 11:29:26'),
(2222, 97, 2, 900, '2025-03-07 11:29:26'),
(2223, 97, 5, 925, '2025-03-07 11:29:30'),
(2224, 97, 2, 950, '2025-03-07 11:29:32'),
(2225, 97, 5, 975, '2025-03-07 11:29:38'),
(2226, 97, 2, 1000, '2025-03-07 11:29:40'),
(2227, 97, 5, 1025, '2025-03-07 11:29:44'),
(2228, 97, 2, 1050, '2025-03-07 11:29:47'),
(2229, 99, 3, 35, '2025-03-07 11:30:39'),
(2230, 101, 3, 80, '2025-03-07 11:31:28'),
(2231, 101, 7, 85, '2025-03-07 11:31:31'),
(2232, 101, 6, 90, '2025-03-07 11:31:47'),
(2233, 101, 7, 95, '2025-03-07 11:31:50'),
(2234, 101, 6, 100, '2025-03-07 11:31:56'),
(2235, 101, 7, 110, '2025-03-07 11:32:02'),
(2236, 103, 8, 220, '2025-03-07 11:32:45'),
(2237, 103, 3, 240, '2025-03-07 11:32:49'),
(2238, 103, 2, 240, '2025-03-07 11:32:49'),
(2239, 103, 2, 260, '2025-03-07 11:32:55'),
(2240, 103, 1, 280, '2025-03-07 11:32:57'),
(2241, 103, 2, 300, '2025-03-07 11:33:01'),
(2242, 103, 7, 300, '2025-03-07 11:33:02'),
(2243, 103, 1, 320, '2025-03-07 11:33:03'),
(2244, 103, 2, 320, '2025-03-07 11:33:04'),
(2245, 103, 7, 340, '2025-03-07 11:33:08'),
(2246, 103, 2, 360, '2025-03-07 11:33:09'),
(2247, 103, 7, 380, '2025-03-07 11:33:11'),
(2248, 103, 1, 380, '2025-03-07 11:33:11'),
(2249, 103, 7, 400, '2025-03-07 11:33:12'),
(2250, 103, 2, 420, '2025-03-07 11:33:15'),
(2251, 103, 7, 440, '2025-03-07 11:33:17'),
(2252, 103, 1, 440, '2025-03-07 11:33:18'),
(2253, 103, 3, 460, '2025-03-07 11:33:21'),
(2254, 103, 2, 460, '2025-03-07 11:33:21'),
(2255, 103, 8, 480, '2025-03-07 11:33:23'),
(2256, 103, 8, 480, '2025-03-07 11:33:24'),
(2257, 103, 7, 500, '2025-03-07 11:33:24'),
(2258, 103, 2, 525, '2025-03-07 11:33:26'),
(2259, 103, 7, 550, '2025-03-07 11:33:28'),
(2260, 103, 8, 550, '2025-03-07 11:33:29'),
(2261, 103, 7, 575, '2025-03-07 11:33:32'),
(2262, 103, 3, 575, '2025-03-07 11:33:34'),
(2263, 103, 8, 600, '2025-03-07 11:33:35'),
(2264, 103, 7, 600, '2025-03-07 11:33:35'),
(2265, 103, 8, 625, '2025-03-07 11:33:38'),
(2266, 103, 7, 650, '2025-03-07 11:33:41'),
(2267, 103, 8, 675, '2025-03-07 11:33:43'),
(2268, 103, 7, 700, '2025-03-07 11:33:45'),
(2269, 103, 8, 725, '2025-03-07 11:33:53'),
(2270, 103, 5, 725, '2025-03-07 11:33:54'),
(2271, 103, 8, 750, '2025-03-07 11:33:56'),
(2272, 103, 7, 775, '2025-03-07 11:33:58'),
(2273, 103, 5, 800, '2025-03-07 11:34:00'),
(2274, 103, 7, 825, '2025-03-07 11:34:01'),
(2275, 103, 8, 850, '2025-03-07 11:34:04'),
(2276, 103, 5, 850, '2025-03-07 11:34:05'),
(2277, 103, 8, 875, '2025-03-07 11:34:08'),
(2278, 103, 5, 900, '2025-03-07 11:34:12'),
(2279, 103, 8, 925, '2025-03-07 11:34:14'),
(2280, 103, 6, 950, '2025-03-07 11:34:18'),
(2281, 103, 5, 950, '2025-03-07 11:34:18'),
(2282, 103, 6, 975, '2025-03-07 11:34:22'),
(2283, 103, 5, 1000, '2025-03-07 11:34:27'),
(2284, 104, 7, 220, '2025-03-07 11:34:58'),
(2285, 104, 8, 240, '2025-03-07 11:34:59'),
(2286, 104, 7, 260, '2025-03-07 11:35:06'),
(2287, 104, 8, 280, '2025-03-07 11:35:09'),
(2288, 104, 8, 300, '2025-03-07 11:35:11'),
(2289, 104, 7, 320, '2025-03-07 11:35:14'),
(2290, 106, 2, 220, '2025-03-07 11:35:55'),
(2291, 106, 8, 220, '2025-03-07 11:35:56'),
(2292, 106, 2, 240, '2025-03-07 11:35:59'),
(2293, 106, 3, 260, '2025-03-07 11:36:01'),
(2294, 106, 1, 260, '2025-03-07 11:36:02'),
(2295, 106, 4, 280, '2025-03-07 11:36:03'),
(2296, 106, 1, 300, '2025-03-07 11:36:06'),
(2297, 106, 8, 300, '2025-03-07 11:36:07'),
(2298, 106, 2, 300, '2025-03-07 11:36:07'),
(2299, 106, 1, 320, '2025-03-07 11:36:10'),
(2300, 106, 2, 320, '2025-03-07 11:36:11'),
(2301, 106, 8, 340, '2025-03-07 11:36:12'),
(2302, 106, 3, 360, '2025-03-07 11:36:13'),
(2303, 106, 1, 360, '2025-03-07 11:36:13'),
(2304, 106, 2, 380, '2025-03-07 11:36:15'),
(2305, 106, 1, 400, '2025-03-07 11:36:16'),
(2306, 106, 8, 400, '2025-03-07 11:36:16'),
(2307, 106, 2, 420, '2025-03-07 11:36:19'),
(2308, 106, 1, 420, '2025-03-07 11:36:19'),
(2309, 106, 8, 440, '2025-03-07 11:36:21'),
(2310, 106, 2, 460, '2025-03-07 11:36:22'),
(2311, 106, 7, 460, '2025-03-07 11:36:24'),
(2312, 106, 8, 480, '2025-03-07 11:36:25'),
(2313, 106, 7, 500, '2025-03-07 11:36:27'),
(2314, 106, 8, 525, '2025-03-07 11:36:29'),
(2315, 106, 2, 525, '2025-03-07 11:36:29'),
(2316, 106, 8, 550, '2025-03-07 11:36:31'),
(2317, 106, 7, 550, '2025-03-07 11:36:31'),
(2318, 106, 8, 575, '2025-03-07 11:36:33'),
(2319, 106, 2, 575, '2025-03-07 11:36:34'),
(2320, 106, 8, 575, '2025-03-07 11:36:34'),
(2321, 106, 7, 600, '2025-03-07 11:36:36'),
(2322, 106, 8, 625, '2025-03-07 11:36:38'),
(2323, 106, 8, 650, '2025-03-07 11:36:40'),
(2324, 106, 7, 675, '2025-03-07 11:36:44'),
(2325, 106, 8, 700, '2025-03-07 11:36:46'),
(2326, 106, 7, 725, '2025-03-07 11:36:47'),
(2327, 106, 8, 750, '2025-03-07 11:36:50'),
(2328, 106, 7, 775, '2025-03-07 11:36:52'),
(2329, 106, 6, 775, '2025-03-07 11:36:52'),
(2330, 106, 8, 800, '2025-03-07 11:36:54'),
(2331, 106, 7, 825, '2025-03-07 11:36:57'),
(2332, 106, 8, 850, '2025-03-07 11:36:58'),
(2333, 106, 7, 875, '2025-03-07 11:37:02'),
(2334, 109, 8, 625, '2025-03-07 11:38:17'),
(2335, 109, 5, 650, '2025-03-07 11:38:22'),
(2336, 109, 1, 675, '2025-03-07 11:38:27'),
(2337, 109, 8, 700, '2025-03-07 11:38:29'),
(2338, 109, 5, 725, '2025-03-07 11:38:36'),
(2339, 109, 8, 750, '2025-03-07 11:38:38'),
(2340, 109, 1, 750, '2025-03-07 11:38:38'),
(2341, 109, 5, 775, '2025-03-07 11:38:41'),
(2342, 109, 8, 800, '2025-03-07 11:38:44'),
(2343, 110, 8, 220, '2025-03-07 11:39:08'),
(2344, 110, 3, 240, '2025-03-07 11:39:10'),
(2345, 110, 5, 260, '2025-03-07 11:39:14'),
(2346, 110, 8, 280, '2025-03-07 11:39:16'),
(2347, 110, 3, 280, '2025-03-07 11:39:16'),
(2348, 110, 5, 300, '2025-03-07 11:39:19'),
(2349, 110, 1, 300, '2025-03-07 11:39:20'),
(2350, 110, 5, 320, '2025-03-07 11:39:24'),
(2351, 110, 8, 320, '2025-03-07 11:39:24'),
(2352, 110, 3, 340, '2025-03-07 11:39:26'),
(2353, 110, 5, 360, '2025-03-07 11:39:28'),
(2354, 110, 1, 360, '2025-03-07 11:39:28'),
(2355, 110, 5, 380, '2025-03-07 11:39:30'),
(2356, 110, 3, 400, '2025-03-07 11:39:33'),
(2357, 110, 1, 420, '2025-03-07 11:39:34'),
(2358, 110, 5, 440, '2025-03-07 11:39:36'),
(2359, 110, 3, 460, '2025-03-07 11:39:38'),
(2360, 110, 5, 480, '2025-03-07 11:39:40'),
(2361, 110, 4, 500, '2025-03-07 11:39:46'),
(2362, 110, 3, 500, '2025-03-07 11:39:47'),
(2363, 110, 5, 525, '2025-03-07 11:39:48'),
(2364, 110, 4, 550, '2025-03-07 11:39:52'),
(2365, 110, 3, 550, '2025-03-07 11:39:53'),
(2366, 110, 5, 575, '2025-03-07 11:39:56'),
(2367, 110, 4, 600, '2025-03-07 11:40:00'),
(2368, 110, 5, 625, '2025-03-07 11:40:03'),
(2369, 110, 4, 650, '2025-03-07 11:40:06'),
(2370, 110, 5, 675, '2025-03-07 11:40:09'),
(2371, 110, 1, 700, '2025-03-07 11:40:14'),
(2372, 110, 4, 725, '2025-03-07 11:40:17'),
(2373, 110, 5, 750, '2025-03-07 11:40:20'),
(2374, 111, 6, 25, '2025-03-07 11:40:43'),
(2375, 111, 8, 30, '2025-03-07 11:40:51'),
(2376, 113, 3, 25, '2025-03-07 11:41:55'),
(2377, 113, 8, 30, '2025-03-07 11:41:59'),
(2378, 113, 2, 35, '2025-03-07 11:42:03'),
(2379, 113, 1, 40, '2025-03-07 11:42:05'),
(2380, 113, 3, 40, '2025-03-07 11:42:05'),
(2381, 113, 8, 45, '2025-03-07 11:42:05'),
(2382, 113, 3, 50, '2025-03-07 11:42:08'),
(2383, 113, 2, 50, '2025-03-07 11:42:09'),
(2384, 113, 8, 55, '2025-03-07 11:42:11'),
(2385, 113, 3, 60, '2025-03-07 11:42:12'),
(2386, 113, 2, 65, '2025-03-07 11:42:14'),
(2387, 113, 1, 65, '2025-03-07 11:42:15'),
(2388, 113, 3, 70, '2025-03-07 11:42:16'),
(2389, 113, 8, 70, '2025-03-07 11:42:17'),
(2390, 113, 2, 75, '2025-03-07 11:42:20'),
(2391, 113, 2, 80, '2025-03-07 11:42:21'),
(2392, 113, 3, 75, '2025-03-07 11:42:21'),
(2393, 113, 8, 85, '2025-03-07 11:42:22'),
(2394, 113, 1, 85, '2025-03-07 11:42:23'),
(2395, 113, 8, 90, '2025-03-07 11:42:24'),
(2396, 113, 2, 90, '2025-03-07 11:42:25'),
(2397, 113, 3, 90, '2025-03-07 11:42:25'),
(2398, 113, 8, 95, '2025-03-07 11:42:26'),
(2399, 113, 1, 95, '2025-03-07 11:42:27'),
(2400, 113, 2, 100, '2025-03-07 11:42:28'),
(2401, 113, 3, 100, '2025-03-07 11:42:28'),
(2402, 113, 8, 100, '2025-03-07 11:42:29'),
(2403, 113, 1, 110, '2025-03-07 11:42:32'),
(2404, 113, 2, 110, '2025-03-07 11:42:32'),
(2405, 113, 3, 110, '2025-03-07 11:42:33'),
(2406, 113, 1, 120, '2025-03-07 11:42:35'),
(2407, 113, 3, 130, '2025-03-07 11:42:37'),
(2408, 113, 8, 130, '2025-03-07 11:42:37'),
(2409, 113, 2, 130, '2025-03-07 11:42:38'),
(2410, 113, 8, 140, '2025-03-07 11:42:42'),
(2411, 113, 3, 150, '2025-03-07 11:42:43'),
(2412, 113, 2, 160, '2025-03-07 11:42:44'),
(2413, 113, 8, 170, '2025-03-07 11:42:46'),
(2414, 113, 1, 170, '2025-03-07 11:42:46'),
(2415, 113, 3, 180, '2025-03-07 11:42:47'),
(2416, 113, 8, 180, '2025-03-07 11:42:47'),
(2417, 113, 2, 190, '2025-03-07 11:42:48'),
(2418, 113, 8, 200, '2025-03-07 11:42:49'),
(2419, 113, 1, 220, '2025-03-07 11:42:52'),
(2420, 113, 2, 220, '2025-03-07 11:42:53'),
(2421, 113, 3, 220, '2025-03-07 11:42:53'),
(2422, 113, 8, 240, '2025-03-07 11:42:53'),
(2423, 113, 3, 260, '2025-03-07 11:42:56'),
(2424, 113, 8, 280, '2025-03-07 11:42:58'),
(2425, 113, 3, 300, '2025-03-07 11:43:01'),
(2426, 113, 8, 320, '2025-03-07 11:43:05'),
(2427, 113, 1, 320, '2025-03-07 11:43:05'),
(2428, 113, 3, 340, '2025-03-07 11:43:08'),
(2429, 113, 1, 360, '2025-03-07 11:43:11'),
(2430, 113, 3, 380, '2025-03-07 11:43:14'),
(2431, 113, 1, 400, '2025-03-07 11:43:22'),
(2432, 113, 8, 400, '2025-03-07 11:43:23'),
(2433, 113, 3, 420, '2025-03-07 11:43:24'),
(2434, 113, 2, 420, '2025-03-07 11:43:24'),
(2435, 113, 3, 440, '2025-03-07 11:43:30'),
(2436, 113, 2, 460, '2025-03-07 11:43:32'),
(2437, 113, 3, 480, '2025-03-07 11:43:36'),
(2438, 113, 2, 500, '2025-03-07 11:43:38'),
(2439, 113, 8, 500, '2025-03-07 11:43:38'),
(2440, 113, 8, 500, '2025-03-07 11:43:38'),
(2441, 113, 2, 525, '2025-03-07 11:43:42'),
(2442, 113, 3, 525, '2025-03-07 11:43:42'),
(2443, 113, 2, 550, '2025-03-07 11:43:46'),
(2444, 113, 3, 575, '2025-03-07 11:43:49'),
(2445, 113, 2, 600, '2025-03-07 11:43:51'),
(2446, 113, 3, 625, '2025-03-07 11:43:55'),
(2447, 113, 2, 650, '2025-03-07 11:43:59'),
(2448, 114, 6, 220, '2025-03-07 11:44:42'),
(2449, 116, 3, 220, '2025-03-07 11:45:26'),
(2450, 116, 2, 240, '2025-03-07 11:45:33'),
(2451, 116, 1, 260, '2025-03-07 11:45:38');
INSERT INTO `bidding` (`bidd_id`, `player_id`, `team_id`, `player_price`, `time`) VALUES
(2452, 116, 3, 280, '2025-03-07 11:45:39'),
(2453, 116, 2, 300, '2025-03-07 11:45:41'),
(2454, 116, 1, 320, '2025-03-07 11:45:47'),
(2455, 116, 2, 340, '2025-03-07 11:45:52'),
(2456, 116, 1, 360, '2025-03-07 11:45:57'),
(2457, 116, 2, 380, '2025-03-07 11:45:59'),
(2458, 116, 1, 400, '2025-03-07 11:46:02'),
(2459, 116, 1, 420, '2025-03-07 11:46:14'),
(2460, 116, 6, 440, '2025-03-07 11:46:17'),
(2461, 116, 6, 440, '2025-03-07 11:46:17'),
(2462, 116, 1, 460, '2025-03-07 11:46:27'),
(2463, 117, 8, 25, '2025-03-07 11:46:50'),
(2464, 120, 4, 220, '2025-03-07 11:47:54'),
(2465, 120, 3, 220, '2025-03-07 11:47:55'),
(2466, 120, 2, 240, '2025-03-07 11:47:59'),
(2467, 120, 4, 240, '2025-03-07 11:47:59'),
(2468, 120, 6, 260, '2025-03-07 11:48:01'),
(2469, 120, 3, 260, '2025-03-07 11:48:01'),
(2470, 120, 4, 280, '2025-03-07 11:48:01'),
(2471, 120, 4, 300, '2025-03-07 11:48:04'),
(2472, 120, 2, 300, '2025-03-07 11:48:04'),
(2473, 120, 6, 320, '2025-03-07 11:48:05'),
(2474, 120, 4, 320, '2025-03-07 11:48:06'),
(2475, 120, 3, 340, '2025-03-07 11:48:07'),
(2476, 120, 2, 340, '2025-03-07 11:48:08'),
(2477, 120, 1, 340, '2025-03-07 11:48:08'),
(2478, 120, 6, 360, '2025-03-07 11:48:08'),
(2479, 120, 4, 360, '2025-03-07 11:48:09'),
(2480, 120, 3, 380, '2025-03-07 11:48:11'),
(2481, 120, 1, 380, '2025-03-07 11:48:12'),
(2482, 120, 6, 400, '2025-03-07 11:48:13'),
(2483, 120, 3, 420, '2025-03-07 11:48:15'),
(2484, 120, 6, 440, '2025-03-07 11:48:18'),
(2485, 120, 3, 460, '2025-03-07 11:48:19'),
(2486, 120, 4, 480, '2025-03-07 11:48:23'),
(2487, 120, 6, 480, '2025-03-07 11:48:24'),
(2488, 120, 3, 500, '2025-03-07 11:48:26'),
(2489, 120, 4, 525, '2025-03-07 11:48:28'),
(2490, 120, 3, 550, '2025-03-07 11:48:30'),
(2491, 120, 6, 550, '2025-03-07 11:48:30'),
(2492, 120, 4, 575, '2025-03-07 11:48:32'),
(2493, 120, 6, 600, '2025-03-07 11:48:34'),
(2494, 120, 3, 600, '2025-03-07 11:48:34'),
(2495, 120, 6, 625, '2025-03-07 11:48:40'),
(2496, 120, 4, 650, '2025-03-07 11:48:41'),
(2497, 120, 3, 650, '2025-03-07 11:48:42'),
(2498, 120, 4, 675, '2025-03-07 11:48:45'),
(2499, 120, 6, 675, '2025-03-07 11:48:47'),
(2500, 120, 3, 700, '2025-03-07 11:48:48'),
(2501, 120, 4, 725, '2025-03-07 11:48:52'),
(2502, 120, 6, 725, '2025-03-07 11:48:53'),
(2503, 120, 6, 750, '2025-03-07 11:48:59'),
(2504, 121, 4, 1525, '2025-03-07 11:49:19'),
(2505, 121, 6, 1550, '2025-03-07 11:49:25'),
(2506, 121, 6, 1575, '2025-03-07 11:49:29'),
(2507, 121, 6, 1600, '2025-03-07 11:49:32'),
(2508, 121, 4, 1625, '2025-03-07 11:49:49'),
(2509, 121, 6, 1650, '2025-03-07 11:49:50'),
(2510, 121, 4, 1675, '2025-03-07 11:49:59'),
(2511, 122, 8, 110, '2025-03-07 11:50:27'),
(2512, 122, 2, 110, '2025-03-07 11:50:28'),
(2513, 122, 8, 120, '2025-03-07 11:50:33'),
(2514, 122, 2, 130, '2025-03-07 11:50:36'),
(2515, 122, 1, 140, '2025-03-07 11:50:38'),
(2516, 122, 8, 140, '2025-03-07 11:50:39'),
(2517, 122, 2, 150, '2025-03-07 11:50:40'),
(2518, 122, 1, 160, '2025-03-07 11:50:42'),
(2519, 122, 2, 170, '2025-03-07 11:50:44'),
(2520, 122, 1, 170, '2025-03-07 11:50:44'),
(2521, 122, 8, 180, '2025-03-07 11:50:46'),
(2522, 122, 2, 180, '2025-03-07 11:50:47'),
(2523, 122, 1, 190, '2025-03-07 11:50:49'),
(2524, 122, 8, 190, '2025-03-07 11:50:50'),
(2525, 122, 2, 200, '2025-03-07 11:50:51'),
(2526, 122, 1, 220, '2025-03-07 11:50:52'),
(2527, 122, 8, 240, '2025-03-07 11:50:54'),
(2528, 122, 2, 240, '2025-03-07 11:50:55'),
(2529, 122, 1, 260, '2025-03-07 11:50:57'),
(2530, 122, 2, 280, '2025-03-07 11:50:59'),
(2531, 122, 1, 300, '2025-03-07 11:51:01'),
(2532, 122, 2, 320, '2025-03-07 11:51:02'),
(2533, 122, 3, 320, '2025-03-07 11:51:04'),
(2534, 122, 2, 340, '2025-03-07 11:51:06'),
(2535, 122, 1, 360, '2025-03-07 11:51:09'),
(2536, 122, 2, 380, '2025-03-07 11:51:12'),
(2537, 122, 3, 400, '2025-03-07 11:51:14'),
(2538, 122, 2, 420, '2025-03-07 11:51:17'),
(2539, 123, 3, 420, '2025-03-07 11:51:39'),
(2540, 123, 4, 440, '2025-03-07 11:51:43'),
(2541, 123, 8, 440, '2025-03-07 11:51:44'),
(2542, 123, 3, 460, '2025-03-07 11:51:45'),
(2543, 123, 8, 480, '2025-03-07 11:51:48'),
(2544, 123, 4, 500, '2025-03-07 11:51:51'),
(2545, 123, 3, 500, '2025-03-07 11:51:51'),
(2546, 123, 8, 525, '2025-03-07 11:51:54'),
(2547, 123, 3, 525, '2025-03-07 11:51:55'),
(2548, 123, 8, 550, '2025-03-07 11:51:56'),
(2549, 123, 8, 575, '2025-03-07 11:51:58'),
(2550, 123, 3, 575, '2025-03-07 11:51:59'),
(2551, 123, 8, 575, '2025-03-07 11:51:59'),
(2552, 123, 3, 600, '2025-03-07 11:52:03'),
(2553, 123, 8, 625, '2025-03-07 11:52:07'),
(2554, 123, 3, 650, '2025-03-07 11:52:09'),
(2555, 123, 8, 675, '2025-03-07 11:52:13'),
(2556, 123, 3, 700, '2025-03-07 11:52:17'),
(2557, 123, 8, 725, '2025-03-07 11:52:20'),
(2558, 123, 3, 750, '2025-03-07 11:52:23'),
(2559, 123, 8, 775, '2025-03-07 11:52:25');

-- --------------------------------------------------------

--
-- Table structure for table `player_details`
--

CREATE TABLE `player_details` (
  `player_id` int(11) NOT NULL,
  `player_img` varchar(1000) NOT NULL,
  `player_name` varchar(100) NOT NULL,
  `player_price` int(5) NOT NULL,
  `player_status` varchar(20) NOT NULL,
  `player_specialism` varchar(25) NOT NULL,
  `player_points` int(5) NOT NULL,
  `player_ipl_mat` int(5) NOT NULL,
  `player_wkts` int(5) NOT NULL,
  `player_4s` int(5) NOT NULL,
  `player_6s` int(5) NOT NULL,
  `player_catches` int(5) NOT NULL,
  `player_run_outs` int(5) NOT NULL,
  `player_stumpings` int(5) NOT NULL,
  `status` int(11) NOT NULL,
  `updated` timestamp NULL DEFAULT current_timestamp()
) ENGINE=InnoDB DEFAULT CHARSET=utf8mb4 COLLATE=utf8mb4_general_ci;

--
-- Dumping data for table `player_details`
--

INSERT INTO `player_details` (`player_id`, `player_img`, `player_name`, `player_price`, `player_status`, `player_specialism`, `player_points`, `player_ipl_mat`, `player_wkts`, `player_4s`, `player_6s`, `player_catches`, `player_run_outs`, `player_stumpings`, `status`, `updated`) VALUES
(1, 'Akash_deep.png', 'Akash Deep', 100, 'Capped', 'BOWLER', 10, 1, 1, 0, 0, 0, 0, 0, 0, '2025-03-06 12:49:38'),
(2, 'Akash_Madhwal.png', 'Akash Madhwal', 30, 'Uncapped', 'BOWLER', 56, 5, 5, 0, 0, 1, 0, 0, 0, '2025-03-07 12:49:38'),
(3, 'alzaari.png', 'Alzarri Joseph', 100, 'Capped', 'BOWLER', 22, 3, 1, 0, 0, 0, 0, 0, 0, '2025-03-08 12:49:38'),
(4, 'Bhuvneshwar_Kumar.png', 'Bhuvneshwar Kumar', 200, 'Capped', 'BOWLER', 185, 16, 11, 3, 0, 1, 0, 0, 0, '2025-03-09 12:49:38'),
(5, 'Harshit_Rana.png', 'Harshit Rana', 400, 'Uncapped', 'BOWLER', 172, 13, 19, 0, 0, 4, 0, 0, 0, '2025-03-10 12:49:38'),
(6, 'jasprit.png', 'Jasprit Bumrah', 1200, 'Capped', 'BOWLER', 224, 13, 20, 1, 0, 1, 0, 0, 0, '2025-03-11 12:49:38'),
(7, 'Jhye_Richardson.png', 'Jhye Richardson', 150, 'Capped', 'BOWLER', 8, 1, 0, 0, 0, 0, 0, 0, 0, '2025-03-12 12:49:38'),
(8, 'Khaleel_Ahmed.png', 'Khaleel Ahmed', 480, 'Capped', 'BOWLER', 192, 14, 17, 0, 0, 1, 0, 0, 0, '2025-03-13 12:49:38'),
(9, 'kuldeep_sen.png', 'Kuldeep Sen', 75, 'Capped', 'BOWLER', 48, 3, 6, 0, 0, 1, 0, 0, 0, '2025-03-14 12:49:38'),
(10, 'lockie_ferguson.png', 'Lockie Ferguson', 200, 'Capped', 'BOWLER', 85, 7, 9, 0, 0, 4, 0, 0, 0, '2025-03-15 12:49:38'),
(11, 'luke_wood.png', 'Luke Wood', 50, 'Capped', 'BOWLER', 16, 2, 1, 0, 1, 0, 0, 0, 0, '2025-03-16 12:49:38'),
(12, 'M_Siddharth.png', 'M Siddharth', 240, 'Uncapped', 'BOWLER', 26, 3, 1, 0, 0, 0, 0, 0, 0, '2025-03-17 12:49:38'),
(13, 'Manav_Suthar.png', 'Manav Suthar', 20, 'Uncapped', 'BOWLER', 4, 1, 0, 0, 0, 0, 0, 0, 0, '2025-03-18 12:49:38'),
(14, 'Matheesha_Pathirana.png', 'Matheesha Pathirana', 200, 'Capped ', 'BOWLER', 102, 6, 13, 0, 0, 1, 0, 0, 0, '2025-03-19 12:49:38'),
(15, 'matt_henry.png', 'Matt Henry', 75, 'Capped', 'BOWLER', 30, 4, 1, 0, 0, 0, 0, 0, 0, '2025-03-20 12:49:38'),
(16, 'Mayank_Markande.png', 'Mayank Markande', 30, 'Uncapped', 'BOWLER', 62, 7, 8, 0, 0, 2, 0, 0, 0, '2025-03-21 12:49:38'),
(17, 'Mayank_Yadav.png', 'Mayank Yadav', 110, 'Capped', 'BOWLER', 69, 4, 7, 0, 0, 1, 0, 0, 0, '2025-03-22 12:49:38'),
(18, 'Mohammed_Siraj.png', 'Mohammed Siraj', 700, 'Capped', 'BOWLER', 196, 14, 15, 0, 2, 3, 0, 0, 0, '2025-03-23 12:49:38'),
(19, 'Mukesh_Choudhary.png', 'Mukesh Choudhary', 30, 'Uncapped', 'BOWLER', 2, 1, 0, 0, 0, 0, 0, 0, 0, '2025-03-24 12:49:38'),
(20, 'Mustafizur_Rahman.png', 'Mustafizur Rahman', 200, 'Capped', 'BOWLER', 133, 9, 14, 0, 0, 1, 0, 0, 0, '2025-03-25 12:49:38'),
(21, 'Nandre_Burger.png', 'Nandre Burger', 20, 'Uncapped', 'BOWLER', 80, 6, 7, 0, 0, 2, 0, 0, 0, '2025-03-26 12:49:38'),
(22, 'Nathan_Ellis.png', 'Nathan Ellis', 125, 'Capped', 'BOWLER', 14, 1, 1, 0, 0, 0, 0, 0, 0, '2025-03-27 12:49:38'),
(23, 'Nuwan_Thushara.png', 'Nuwan Thushara', 50, 'Capped', 'BOWLER', 83, 7, 8, 0, 0, 1, 2, 0, 0, '2025-03-28 12:49:38'),
(24, 'Piyush_Chawla.png', 'Piyush Chawla', 50, 'Uncapped', 'BOWLER', 122, 11, 13, 1, 1, 2, 0, 0, 0, '2025-03-29 12:49:38'),
(25, 'Rahul_Chahar.png', 'Rahul Chahar', 100, 'Capped', 'BOWLER', 110, 9, 10, 3, 1, 3, 0, 0, 0, '2025-03-30 12:49:38'),
(26, 'rashik.png', 'Rasikh Dar', 20, 'Uncapped', 'BOWLER', 86, 8, 9, 4, 0, 1, 0, 0, 0, '2025-03-31 12:49:38'),
(27, 'Ravi_Bishnoi.png', 'Ravi Bishnoi', 400, 'Capped', 'BOWLER', 137, 14, 10, 0, 0, 4, 3, 0, 0, '2025-04-01 12:49:38'),
(28, 'rt.png', 'Reece Topley', 75, 'Capped', 'BOWLER', 48, 4, 4, 0, 0, 1, 0, 0, 0, '2025-04-02 12:49:38'),
(29, 'Richard_Gleeson.png', 'Richard Gleeson', 50, 'Capped', 'BOWLER', 24, 2, 1, 0, 0, 0, 0, 0, 0, '2025-04-03 12:49:38'),
(30, 'Sandeep_Sharma.png', 'Sandeep Sharma', 400, 'Uncapped', 'BOWLER', 131, 11, 13, 0, 0, 3, 3, 0, 0, '2025-04-04 12:49:38'),
(31, 'Simarjeet_Singh.png', 'Simarjeet Singh', 30, 'Uncapped', 'BOWLER', 52, 4, 5, 0, 0, 2, 2, 0, 0, '2025-04-05 12:49:38'),
(32, 'Spencer_Johnson.png', 'Spencer Johnson', 50, 'Capped', 'BOWLER', 57, 5, 4, 1, 0, 2, 0, 0, 0, '2025-04-06 12:49:38'),
(33, 'Suyash_Sharma.png', 'Suyash Sharma', 30, 'Uncapped', 'BOWLER', 8, 2, 0, 0, 0, 1, 0, 0, 0, '2025-04-07 12:49:38'),
(34, 'Tushar_Deshpande.png', 'Tushar Deshpande', 100, 'Capped', 'BOWLER', 183, 13, 17, 0, 0, 2, 0, 0, 0, '2025-04-08 12:49:38'),
(35, 'Umesh_Yadav.png', 'Umesh Yadav', 200, 'Capped', 'BOWLER', 90, 7, 8, 0, 1, 1, 0, 0, 0, '2025-04-09 12:49:38'),
(36, 'Vaibhav_Arora.png', 'Vaibhav Arora', 30, 'Uncapped', 'BOWLER', 120, 10, 11, 0, 0, 1, 0, 0, 0, '2025-04-10 12:49:38'),
(37, 'Vidwath_Kaverappa.png', 'Vidwath Kaverappa', 30, 'Uncapped', 'BOWLER', 18, 1, 2, 0, 0, 0, 0, 0, 0, '2025-04-11 12:49:38'),
(38, 'Yash_Dayal.png', 'Yash Dayal', 20, 'Uncapped', 'BOWLER', 185, 14, 15, 0, 0, 3, 3, 0, 0, '2025-04-12 12:49:38'),
(39, 'Yudhvir_Singh.png', 'Yudhvir Singh', 20, 'Uncapped', 'BOWLER', 18, 2, 1, 1, 2, 0, 0, 0, 0, '2025-04-13 12:49:38'),
(40, 'Yuzvendra_Chahal.png', 'Yuzvendra Chahal', 200, 'Capped', 'BOWLER', 176, 15, 18, 0, 0, 5, 0, 0, 0, '2025-04-14 12:49:38'),
(41, 'kagiso.png', 'Kagiso Rabada', 200, 'Capped', 'BOWLER', 159, 11, 11, 0, 2, 5, 0, 0, 0, '2025-04-15 12:49:38'),
(42, 'gerald.png', 'Gerald Coetzee', 200, 'Capped', 'BOWLER', 135, 10, 13, 0, 1, 2, 0, 0, 0, '2025-04-16 12:49:38'),
(43, 'ravindra_jadeja.png', 'Ravindra Jadeja', 1600, 'Capped', 'ALL-ROUNDER', 201, 14, 8, 22, 8, 6, 0, 0, 0, '2025-04-17 12:49:38'),
(44, 'Andre_russel.png', 'Andre Russell', 1600, 'Capped', 'ALL-ROUNDER', 250, 15, 19, 20, 16, 3, 2, 0, 0, '2025-04-18 12:49:38'),
(45, 'RashidKhan.png', 'Rashid Khan', 1500, 'Capped', 'ALL-ROUNDER', 170, 12, 10, 10, 3, 6, 0, 0, 0, '2025-04-19 12:49:38'),
(46, 'HardikPandya.png', 'Hardik Pandya', 1500, 'Capped', 'ALL-ROUNDER', 196, 14, 11, 17, 11, 4, 2, 0, 0, '2025-04-20 12:49:38'),
(47, 'AxarPatel.png', 'Axar Patel', 1200, 'Capped', 'ALL-ROUNDER', 234, 14, 11, 19, 10, 13, 0, 0, 0, '2025-04-21 12:49:38'),
(48, 'RahulTewatia.png', 'Rahul Tewatia', 900, 'Capped', 'ALL-ROUNDER', 93, 12, 0, 24, 5, 6, 0, 0, 0, '2025-04-22 12:49:38'),
(49, 'Sunil_narine.png', 'Sunil Narine', 600, 'Capped', 'ALL-ROUNDER', 450, 15, 17, 50, 33, 8, 3, 0, 0, '2025-04-23 12:49:38'),
(50, 'RiyanParag.png', 'Riyan Parag', 380, 'Capped', 'ALL-ROUNDER', 238, 16, 0, 40, 33, 7, 0, 0, 0, '2025-04-24 12:49:38'),
(51, 'ShardulThakur.png', 'Shardul Thakur', 200, 'Capped', 'ALL-ROUNDER', 84, 9, 5, 2, 1, 4, 0, 0, 0, '2025-04-25 12:49:38'),
(52, 'CameronGreen.png', 'Cameron Green', 200, 'Capped', 'ALL-ROUNDER', 214, 13, 10, 22, 10, 5, 5, 0, 0, '2025-04-26 12:49:38'),
(53, 'Venkatesh_Iyer.png', 'Venkatesh Iyer', 200, 'Capped', 'ALL-ROUNDER', 164, 15, 0, 35, 19, 4, 0, 0, 0, '2025-04-27 12:49:38'),
(54, 'GlennMaxwell.png', 'Glenn Maxwell', 200, 'Capped', 'ALL-ROUNDER', 85, 10, 6, 6, 2, 3, 0, 0, 0, '2025-04-28 12:49:38'),
(55, 'MitchellMarsh.png', 'Mitchell Marsh', 200, 'Capped', 'ALL-ROUNDER', 46, 4, 1, 9, 3, 0, 0, 0, 0, '2025-04-29 12:49:38'),
(56, 'Washington _sundar.png', 'Washington Sundar', 200, 'Capped', 'ALL-ROUNDER', 7, 2, 1, 0, 0, 0, 0, 0, 0, '2025-04-30 12:49:38'),
(57, 'moeen.png', 'Moeen Ali', 200, 'Capped', 'ALL-ROUNDER', 70, 8, 2, 7, 8, 2, 0, 0, 0, '2025-05-01 12:49:38'),
(58, 'nabi.png', 'Mohammad Nabi', 150, 'Capped', 'ALL-ROUNDER', 59, 7, 2, 2, 2, 7, 3, 0, 0, '2025-05-02 12:49:38'),
(59, 'omarzai.png', 'Azmatullah Omarzai', 50, 'Capped', 'ALL-ROUNDER', 83, 7, 4, 2, 2, 0, 0, 0, 0, '2025-05-03 12:49:38'),
(60, 'mahipalLomror.png', 'Mahipal Lomror', 50, 'Uncapped', 'ALL-ROUNDER', 64, 10, 0, 9, 9, 3, 2, 0, 0, '2025-05-04 12:49:38'),
(61, 'hsb.png', 'Harpreet Bhatia', 40, 'Capped', 'ALL-ROUNDER', 5, 2, 0, 2, 0, 0, 0, 0, 0, '2025-05-05 12:49:38'),
(62, 'shivamsingh.png', 'Shivam Singh', 30, 'Uncapped', 'ALL-ROUNDER', 5, 1, 0, 0, 0, 2, 0, 0, 0, '2025-05-06 12:49:38'),
(63, 'AbdulSamad.png', 'Abdul Samad', 30, 'Uncapped', 'ALL-ROUNDER', 99, 16, 0, 15, 11, 9, 0, 0, 0, '2025-05-07 12:49:38'),
(64, 'raman.png', 'Ramandeep Singh', 20, 'Uncapped', 'ALL-ROUNDER', 76, 15, 0, 5, 12, 8, 2, 0, 0, '2025-05-08 12:49:38'),
(65, 'Tanush_Kotian.png', 'Tanush Kotian', 20, 'Uncapped', 'ALL-ROUNDER', 9, 1, 0, 3, 0, 0, 2, 0, 0, '2025-05-09 12:49:38'),
(66, 'LiamLivingstone.png', 'Liam Livingstone', 200, 'Capped', 'ALL-ROUNDER', 86, 7, 3, 8, 7, 2, 0, 0, 0, '2025-05-10 12:49:38'),
(67, 'shahbaz.png', 'Shahbaz Ahamad', 100, 'Capped', 'ALL-ROUNDER', 150, 16, 7, 7, 13, 3, 3, 0, 0, '2025-05-11 12:49:38'),
(68, 'nitishKumar.png', 'Nitish Kumar Reddy', 600, 'Capped', 'ALL-ROUNDER', 156, 13, 3, 15, 21, 5, 2, 0, 0, '2025-05-12 12:49:38'),
(69, 'Prabhsimran_Singh.png', 'Prabhsimran Singh', 400, 'Capped', 'WICKETKEEPER', 158, 14, 0, 34, 20, 1, 0, 0, 0, '2025-05-13 12:49:38'),
(70, 'Abishek_Porel.png', 'Abishek Porel', 400, 'Uncapped', 'WICKETKEEPER', 141, 14, 0, 36, 13, 2, 0, 0, 0, '2025-05-14 12:49:38'),
(71, 'Phil_Salt.png', 'Phil Salt', 200, 'Capped', 'WICKETKEEPER', 245, 12, 0, 50, 24, 12, 6, 0, 0, '2025-05-15 12:49:38'),
(72, 'Jos_Buttler.png', 'Jos Buttler', 200, 'Capped', 'WICKETKEEPER', 141, 11, 0, 36, 12, 3, 2, 0, 0, '2025-05-16 12:49:38'),
(73, 'Ishan_Kishan.png', 'Ishan Kishan', 200, 'Capped', 'WICKETKEEPER', 171, 14, 0, 35, 16, 9, 5, 0, 0, '2025-05-17 12:49:38'),
(74, 'Quinton_de_Kock.png', 'Quinton De Kock', 200, 'Capped', 'WICKETKEEPER', 113, 11, 0, 29, 9, 3, 2, 0, 0, '2025-05-18 12:49:38'),
(75, 'dj.png', 'Dhruv Jurel', 200, 'Capped', 'WICKETKEEPER', 97, 15, 0, 18, 7, 11, 0, 0, 0, '2025-05-19 12:49:38'),
(76, 'Jitesh_Sharma.png', 'Jitesh Sharma', 100, 'Capped', 'WICKETKEEPER', 105, 14, 0, 9, 12, 13, 8, 0, 0, '2025-05-20 12:49:38'),
(77, 'Shai_Hope.png', 'Shai Hope', 75, 'Capped', 'WICKETKEEPER', 89, 9, 0, 12, 12, 6, 2, 0, 0, '2025-05-21 12:49:38'),
(78, 'Tristan_Stubbs.png', 'Tristan Stubbs', 50, 'Capped', 'WICKETKEEPER', 187, 14, 3, 24, 26, 7, 2, 0, 0, '2025-05-22 12:49:38'),
(79, 'Tom_Kohler_Cadmore.png', 'Tom Kohler-Cadmore', 40, 'Uncapped', 'WICKETKEEPER', 24, 4, 0, 7, 1, 1, 0, 0, 0, '2025-05-23 12:49:38'),
(80, 'ar.png', 'Anuj Rawat', 30, 'Uncapped', 'WICKETKEEPER', 48, 5, 0, 10, 3, 5, 0, 0, 0, '2025-05-24 12:49:38'),
(81, 'dinesh.png', 'Dinesh Karthik', 550, 'Capped', 'WICKETKEEPER', 160, 15, 0, 27, 22, 4, 3, 1, 0, '2025-05-25 12:49:38'),
(82, 'dhoni.png', 'MS Dhoni', 400, 'Uncapped', 'WICKETKEEPER', 109, 14, 0, 14, 13, 10, 3, 0, 0, '2025-05-26 12:49:38'),
(83, 'KL_Rahul.png', 'K L Rahul', 1700, 'Capped', 'WICKETKEEPER', 222, 14, 0, 45, 19, 15, 0, 2, 0, '2025-05-27 12:49:38'),
(84, 'rahmanullahgurbaz.png', 'Rahmanullah Gurbaz', 200, 'Capped', 'WICKETKEEPER', 46, 3, 0, 7, 4, 5, 2, 0, 0, '2025-05-28 12:49:38'),
(85, 'Abhinav_Manohar.png', 'Abhinav Manohar', 30, 'Uncapped', 'BATTER', 8, 2, 0, 1, 0, 2, 0, 0, 0, '2025-05-29 12:49:38'),
(86, 'Aiden_Markram.png', 'Aiden Markram', 200, 'Capped', 'BATTER', 76, 11, 0, 18, 4, 5, 0, 0, 0, '2025-05-30 12:49:38'),
(87, 'AR.png', 'Ajinkya Rahane', 150, 'Capped', 'BATTER', 85, 13, 0, 23, 7, 1, 0, 0, 0, '2025-05-31 12:49:38'),
(88, 'angrish_raghuvanshi.png', 'Angkrish Raghuvanshi', 20, 'Uncapped', 'BATTER', 78, 10, 0, 16, 8, 4, 0, 0, 0, '2025-06-01 12:49:38'),
(89, 'Anmolpreet_Singh.png', 'Anmolpreet Singh', 30, 'Uncapped', 'BATTER', 3, 2, 0, 1, 0, 0, 0, 0, 0, '2025-06-02 12:49:38'),
(90, 'ashton.png', 'Ashton Turner', 100, 'Capped', 'BATTER', 7, 2, 0, 0, 2, 0, 0, 0, 0, '2025-06-03 12:49:38'),
(91, 'Atharva_Taide.jpg', 'Atharva Taide', 30, 'Uncapped', 'BATTER', 25, 2, 0, 7, 2, 0, 0, 0, 0, '2025-06-04 12:49:38'),
(92, 'B.Sai_Sudharsan.png', 'B. Sai Sudharsan', 200, 'Uncapped', 'BATTER', 178, 12, 0, 48, 16, 0, 2, 0, 0, '2025-06-05 12:49:38'),
(93, 'DW.png', 'David Warner', 200, 'Capped', 'BATTER', 90, 8, 0, 17, 10, 5, 0, 0, 0, '2025-06-06 12:49:38'),
(94, 'DewaldBrevis.png', 'Dewald Brevis', 75, 'Capped', 'BATTER', 28, 3, 0, 3, 5, 1, 0, 0, 0, '2025-06-07 12:49:38'),
(95, 'faf_du.png', 'Faf Du Plessis', 200, 'Capped', 'BATTER', 211, 15, 0, 47, 21, 8, 0, 0, 0, '2025-06-08 12:49:38'),
(96, 'Heinrich_Klaasen.png', 'Heinrich Klaasen', 2300, 'Capped', 'BATTER', 207, 16, 0, 19, 38, 8, 2, 2, 0, '2025-06-09 12:49:38'),
(97, 'Jake_Fraser_McGurk.png', 'Jake Fraser-McGurk', 20, 'Uncapped', 'BATTER', 194, 9, 0, 32, 28, 5, 3, 0, 0, '2025-06-10 12:49:38'),
(98, 'mathewwade.png', 'Matthew Wade', 240, 'Capped', 'BATTER', 3, 2, 0, 0, 0, 1, 0, 0, 0, '2025-06-11 12:49:38'),
(99, 'nehal.png', 'Nehal Wadhera', 30, 'Uncapped', 'BATTER', 51, 6, 0, 9, 6, 2, 0, 0, 0, '2025-06-12 12:49:38'),
(100, 'nicholas.png', 'Nicholas Pooran', 1600, 'Capped', 'BATTER', 234, 14, 0, 35, 36, 7, 3, 0, 0, '2025-06-13 12:49:38'),
(101, 'Prithvi_Shaw.png', 'Prithvi Shaw', 75, 'Capped', 'BATTER', 98, 8, 0, 30, 5, 2, 0, 0, 0, '2025-06-14 12:49:38'),
(102, 'Rahul_tripathi.png', 'Rahul Tripathi', 75, 'Capped', 'BATTER', 71, 6, 0, 18, 6, 2, 0, 0, 0, '2025-06-15 12:49:38'),
(103, 'rajat.png', 'Rajat Patidar', 200, 'Uncapped', 'BATTER', 176, 15, 0, 21, 33, 3, 0, 0, 0, '2025-06-16 12:49:38'),
(104, 'rilee_rossouw.png', 'Rilee Rossouw', 200, 'Capped', 'BATTER', 109, 8, 0, 25, 11, 3, 0, 0, 0, '2025-06-17 12:49:38'),
(105, 'rinku.png', 'Rinku Singh', 1300, 'Capped', 'BATTER', 78, 15, 0, 13, 8, 7, 0, 0, 0, '2025-06-18 12:49:38'),
(106, 'rishabh.png', 'Rishabh Pant', 200, 'Capped', 'BATTER', 219, 13, 0, 36, 25, 11, 2, 5, 0, '2025-06-19 12:49:38'),
(107, 'rohit.png', 'Rohit Sharma', 1600, 'Capped', 'BATTER', 201, 14, 0, 45, 23, 3, 0, 0, 0, '2025-06-20 12:49:38'),
(108, 'Rovman_Powell.png', 'Rovman Powell', 100, 'Capped', 'BATTER', 66, 10, 0, 10, 6, 8, 0, 0, 0, '2025-06-21 12:49:38'),
(109, 'rituraj.png', 'Ruturaj Gaikwad', 600, 'Capped', 'BATTER', 221, 14, 0, 58, 18, 5, 0, 0, 0, '2025-06-22 12:49:38'),
(110, 'sam_curran.png', 'Sam Curran', 200, 'Capped', 'BATTER', 239, 13, 16, 24, 6, 7, 0, 0, 0, '2025-06-23 12:49:38'),
(111, 'Sameer_Rizvi.png', 'Sameer Rizvi', 20, 'Uncapped', 'BATTER', 27, 8, 0, 4, 2, 4, 0, 0, 0, '2025-06-24 12:49:38'),
(112, 'sanju.png', 'Sanju Samson', 1400, 'Capped', 'BATTER', 226, 16, 0, 48, 24, 6, 5, 1, 0, '2025-06-25 12:49:38'),
(113, 'sashank.png', 'Shashank Singh', 20, 'Uncapped', 'BATTER', 167, 14, 1, 28, 21, 7, 2, 0, 0, '2025-06-26 12:49:38'),
(114, 'Dhawan.png', 'Shikhar Dhawan', 200, 'Capped', 'BATTER', 67, 5, 0, 18, 4, 3, 0, 0, 0, '2025-06-27 12:49:38'),
(115, 'shimron.png', 'Shimron Hetmyer', 850, 'Capped', 'BATTER', 57, 12, 0, 9, 7, 4, 0, 0, 0, '2025-06-28 12:49:38'),
(116, 'Shreyas_Iyer.png', 'Shreyas Iyer', 200, 'Capped', 'BATTER', 161, 15, 0, 34, 14, 10, 2, 0, 0, '2025-06-29 12:49:38'),
(117, 'Shubham_Dubey.png', 'Shubham Dubey', 20, 'Uncapped', 'BATTER', 16, 4, 0, 3, 2, 0, 2, 0, 0, '2025-06-30 12:49:38'),
(118, 'shubhman.png', 'Shubman Gill', 1650, 'Capped', 'BATTER', 148, 12, 0, 37, 15, 1, 0, 0, 0, '2025-07-01 12:49:38'),
(119, 'Suryakumar_Yadav.png', 'Suryakumar Yadav', 1800, 'Capped', 'BATTER', 163, 11, 0, 36, 18, 4, 0, 0, 0, '2025-07-02 12:49:38'),
(120, 'travis.png', 'Travis Head', 200, 'Capped', 'BATTER', 274, 15, 0, 64, 32, 0, 0, 0, 0, '2025-07-03 12:49:38'),
(121, 'virat.png', 'Virat Kohli', 1500, 'Capped', 'BATTER', 316, 15, 0, 62, 38, 8, 8, 0, 0, '2025-07-04 12:49:38'),
(122, 'wriddhiman_saha.png', 'Wriddhiman Saha', 100, 'Capped', 'BATTER', 78, 9, 0, 18, 3, 5, 5, 2, 0, '2025-07-05 12:49:38'),
(123, 'yashasvi.png', 'Yashasvi Jaiswal', 400, 'Uncapped', 'BATTER', 201, 16, 0, 54, 16, 4, 0, 0, 0, '2025-07-06 12:49:38');

-- --------------------------------------------------------

--
-- Table structure for table `team`
--

CREATE TABLE `team` (
  `team_id` int(11) NOT NULL,
  `team_name` varchar(255) NOT NULL,
  `password` varchar(255) NOT NULL,
  `team_logo` varchar(800) NOT NULL,
  `team_updated` timestamp NOT NULL DEFAULT current_timestamp()
) ENGINE=InnoDB DEFAULT CHARSET=utf8mb4 COLLATE=utf8mb4_general_ci;

--
-- Dumping data for table `team`
--

INSERT INTO `team` (`team_id`, `team_name`, `password`, `team_logo`, `team_updated`) VALUES
(1, 'team_07', 'team_07@xamp', 'team_07.png', '2025-02-23 08:33:23'),
(2, 'rcb', 'rcb@xamp', 'rcb.png', '2025-02-24 08:33:23'),
(3, 'ap', 'ap@xamp', 'ap.png', '2025-02-25 08:33:23'),
(4, 'comeback', 'comeback@xamp', 'comeback.png', '2025-02-26 08:33:23'),
(5, 'powerhitters', 'powerhitters@xamp', 'powerhitters.png', '2025-02-27 08:33:23'),
(6, 'team_pheonix', 'team_pheonix@xamp', 'team_pheonix.png', '2025-02-28 08:33:23'),
(7, 'the_boys', 'the_boys@xamp', 'the_boys.png', '2025-03-01 08:33:23'),
(8, 'delulu', 'delulu@xamp', 'delulu.png', '2025-03-02 08:33:23');

-- --------------------------------------------------------

--
-- Table structure for table `winner`
--

CREATE TABLE `winner` (
  `win_id` int(11) NOT NULL,
  `player_id` int(50) NOT NULL,
  `team_id` int(50) NOT NULL,
  `player_price` int(50) NOT NULL,
  `win_updated` timestamp NOT NULL DEFAULT current_timestamp()
) ENGINE=InnoDB DEFAULT CHARSET=utf8mb4 COLLATE=utf8mb4_general_ci;

--
-- Dumping data for table `winner`
--

INSERT INTO `winner` (`win_id`, `player_id`, `team_id`, `player_price`, `win_updated`) VALUES
(1, 4, 3, 1275, '2025-03-07 09:05:42'),
(2, 5, 4, 1500, '2025-03-07 09:11:27'),
(3, 6, 2, 1825, '2025-03-07 09:13:17'),
(4, 8, 3, 1550, '2025-03-07 09:17:01'),
(5, 9, 4, 80, '2025-03-07 09:17:38'),
(6, 14, 5, 300, '2025-03-07 09:22:16'),
(7, 18, 8, 1925, '2025-03-07 09:27:24'),
(8, 20, 4, 875, '2025-03-07 09:29:47'),
(9, 21, 4, 35, '2025-03-07 09:30:42'),
(10, 23, 5, 55, '2025-03-07 09:31:46'),
(11, 24, 5, 675, '2025-03-07 09:34:03'),
(12, 25, 7, 130, '2025-03-07 09:36:13'),
(13, 27, 2, 625, '2025-03-07 09:37:59'),
(14, 30, 1, 1000, '2025-03-07 09:40:39'),
(15, 34, 1, 1250, '2025-03-07 09:44:10'),
(16, 35, 6, 260, '2025-03-07 09:46:16'),
(17, 36, 7, 800, '2025-03-07 09:49:30'),
(18, 37, 2, 35, '2025-03-07 09:50:58'),
(19, 38, 7, 2025, '2025-03-07 09:56:21'),
(20, 40, 8, 1625, '2025-03-07 10:00:36'),
(22, 41, 6, 1800, '2025-03-07 10:09:19'),
(23, 42, 1, 2125, '2025-03-07 10:14:38'),
(24, 43, 2, 1675, '2025-03-07 10:16:12'),
(25, 44, 8, 2025, '2025-03-07 10:17:27'),
(26, 45, 1, 1525, '2025-03-07 10:18:45'),
(27, 46, 3, 1525, '2025-03-07 10:20:10'),
(28, 47, 4, 1750, '2025-03-07 10:22:36'),
(29, 49, 7, 3050, '2025-03-07 10:27:23'),
(30, 50, 5, 1550, '2025-03-07 10:30:12'),
(31, 51, 8, 240, '2025-03-07 10:31:08'),
(32, 52, 6, 1050, '2025-03-07 10:33:00'),
(33, 53, 5, 875, '2025-03-07 10:34:35'),
(34, 54, 2, 380, '2025-03-07 10:35:41'),
(36, 59, 4, 220, '2025-03-07 10:41:45'),
(37, 60, 3, 60, '2025-03-07 10:42:10'),
(38, 63, 2, 360, '2025-03-07 10:44:54'),
(39, 64, 6, 440, '2025-03-07 10:47:03'),
(40, 65, 7, 25, '2025-03-07 10:47:28'),
(41, 66, 2, 220, '2025-03-07 10:47:56'),
(42, 67, 1, 700, '2025-03-07 10:50:54'),
(43, 68, 5, 800, '2025-03-07 10:52:38'),
(44, 69, 5, 600, '2025-03-07 10:54:33'),
(45, 71, 3, 1625, '2025-03-07 10:58:50'),
(46, 72, 6, 975, '2025-03-07 11:01:47'),
(47, 73, 8, 725, '2025-03-07 11:03:34'),
(48, 74, 2, 775, '2025-03-07 11:06:15'),
(49, 75, 4, 220, '2025-03-07 11:06:54'),
(50, 76, 7, 130, '2025-03-07 11:07:48'),
(51, 77, 3, 95, '2025-03-07 11:08:52'),
(52, 78, 4, 1050, '2025-03-07 11:12:55'),
(53, 81, 5, 650, '2025-03-07 11:14:38'),
(54, 82, 5, 440, '2025-03-07 11:15:38'),
(55, 85, 4, 35, '2025-03-07 11:17:22'),
(56, 87, 7, 160, '2025-03-07 11:18:14'),
(57, 88, 3, 50, '2025-03-07 11:19:09'),
(58, 92, 6, 875, '2025-03-07 11:22:47'),
(59, 93, 7, 220, '2025-03-07 11:23:29'),
(60, 95, 3, 1025, '2025-03-07 11:26:26'),
(61, 96, 6, 2325, '2025-03-07 11:27:16'),
(62, 97, 2, 1050, '2025-03-07 11:30:05'),
(63, 99, 3, 35, '2025-03-07 11:30:57'),
(64, 101, 7, 110, '2025-03-07 11:32:20'),
(65, 103, 5, 1000, '2025-03-07 11:34:41'),
(66, 104, 7, 320, '2025-03-07 11:35:28'),
(67, 106, 7, 875, '2025-03-07 11:37:17'),
(68, 109, 8, 800, '2025-03-07 11:39:00'),
(69, 110, 5, 750, '2025-03-07 11:40:38'),
(70, 111, 8, 30, '2025-03-07 11:41:21'),
(71, 113, 2, 650, '2025-03-07 11:44:24'),
(72, 114, 6, 220, '2025-03-07 11:45:00'),
(73, 116, 1, 460, '2025-03-07 11:46:40'),
(74, 117, 8, 25, '2025-03-07 11:47:10'),
(75, 120, 4, 725, '2025-03-07 11:49:13'),
(76, 121, 4, 1675, '2025-03-07 11:50:23'),
(77, 122, 2, 420, '2025-03-07 11:51:35'),
(78, 123, 8, 775, '2025-03-07 11:52:45');

--
-- Indexes for dumped tables
--

--
-- Indexes for table `bidding`
--
ALTER TABLE `bidding`
  ADD PRIMARY KEY (`bidd_id`);

--
-- Indexes for table `player_details`
--
ALTER TABLE `player_details`
  ADD PRIMARY KEY (`player_id`);

--
-- Indexes for table `team`
--
ALTER TABLE `team`
  ADD PRIMARY KEY (`team_id`);

--
-- Indexes for table `winner`
--
ALTER TABLE `winner`
  ADD PRIMARY KEY (`win_id`);

--
-- AUTO_INCREMENT for dumped tables
--

--
-- AUTO_INCREMENT for table `bidding`
--
ALTER TABLE `bidding`
  MODIFY `bidd_id` int(11) NOT NULL AUTO_INCREMENT, AUTO_INCREMENT=2560;

--
-- AUTO_INCREMENT for table `player_details`
--
ALTER TABLE `player_details`
  MODIFY `player_id` int(11) NOT NULL AUTO_INCREMENT, AUTO_INCREMENT=124;

--
-- AUTO_INCREMENT for table `team`
--
ALTER TABLE `team`
  MODIFY `team_id` int(11) NOT NULL AUTO_INCREMENT, AUTO_INCREMENT=9;

--
-- AUTO_INCREMENT for table `winner`
--
ALTER TABLE `winner`
  MODIFY `win_id` int(11) NOT NULL AUTO_INCREMENT, AUTO_INCREMENT=79;
COMMIT;

/*!40101 SET CHARACTER_SET_CLIENT=@OLD_CHARACTER_SET_CLIENT */;
/*!40101 SET CHARACTER_SET_RESULTS=@OLD_CHARACTER_SET_RESULTS */;
/*!40101 SET COLLATION_CONNECTION=@OLD_COLLATION_CONNECTION */;
